text,user,location,date
"üîÆ $spy üîÆ

- TARGETS:  Current trend is Bearish
- Target A: $375 üìâ
- Target B: $371.81
- Target C: $370.21 (by frida‚Ä¶ https://t.co/52wnr6I9eR",elix007,"Virginia, USA",2022-06-30 11:55:41+00:00
RT @CP___TT: Here are some common chart patterns on both the bullish and bearish sides. Think this is overall a cool chart I thought I‚Äôd sh‚Ä¶,AbuHass94901359,,2022-06-30 11:44:51+00:00
Last day of the quarter today. Are you bullish or bearish on this futures move? $ES_f $SPX $SPY $NQ,blxckbirdoption,,2022-06-30 11:06:45+00:00
"Icebergs algo appears to be painting another iceberg, which is bearish. No green mountain (bullish energy) has been‚Ä¶ https://t.co/gL7dbBi3D9",lunatictrader1,,2022-06-30 10:10:59+00:00
RT @CP___TT: Here are some common chart patterns on both the bullish and bearish sides. Think this is overall a cool chart I thought I‚Äôd sh‚Ä¶,Gambiste1,,2022-06-30 08:30:15+00:00
RT @CP___TT: Here are some common chart patterns on both the bullish and bearish sides. Think this is overall a cool chart I thought I‚Äôd sh‚Ä¶,bbbbbb53649583,,2022-06-30 08:17:12+00:00
"I hear a lot about being bullish and/or bearish. 
Why be either? 
I'm neither. 
The chart says jump and I jump. You‚Ä¶ https://t.co/RT5QJZEz8X",LoxiosCura,,2022-06-30 07:29:04+00:00
$SPY flow shortly before and after close today. Are you bullish or bearish tommorow? Comment below https://t.co/o3TClOoTM8,TradesBell,,2022-06-30 06:52:01+00:00
"#SPY - Daily rising wedge
$SPY daily looking bearish closing just above 380. Only thing keeping me bit bullish, is‚Ä¶ https://t.co/IW1HJhos0y",CeylonTrader,Houston TX,2022-06-30 04:00:23+00:00
"@Marshmadness28 It depends on what financial instruments and timeframes you are talking about. For $SPX $SPY daily,‚Ä¶ https://t.co/UD8yZ0v9XT",Redbank199,,2022-06-30 03:57:35+00:00
$SPY I can't call it but if I did $SPY $372 if it's bearish $404 if bullish https://t.co/NjNDEuNXZ0,Jonatha26629627,,2022-06-30 02:39:43+00:00
"$QQQ $SPY my whole feed is bearish. Everyone bearish as fud. 

Pin it. I‚Äôm bullish AF starting today. https://t.co/KmrmgYmxRq",MrVinceVaughn,,2022-06-30 01:20:09+00:00
"RT @SwingTradeBot: Tonight's scans: 44% bullish, 55% bearish. Top 2: Non-ADX 1,2,3,4 Bearish &amp; New 52 Week Closing Low $SPY $QQQ $STUDY htt‚Ä¶",AlertTrade,,2022-06-29 22:39:04+00:00
RT @CP___TT: Here are some common chart patterns on both the bullish and bearish sides. Think this is overall a cool chart I thought I‚Äôd sh‚Ä¶,zakMokhtariMd,"Paris, France",2022-06-29 21:58:02+00:00
"Tonight's scans: 44% bullish, 55% bearish. Top 2: Non-ADX 1,2,3,4 Bearish &amp; New 52 Week Closing Low $SPY $QQQ $STUDY https://t.co/iaZygyDgaD",SwingTradeBot,,2022-06-29 21:37:54+00:00
Wednesday Stock Market Recap: Bullish Alerts:Bearish Alerts 2088:2570 $SPY $QQQ $STUDY https://t.co/jDfB3omYpK,SwingTradeBot,,2022-06-29 21:28:30+00:00
"RT @TradingKingEric: Tomorrow bearish sentiment for $SPY, could be a big red day since $SPY has been rejected by the 200 EMA (5 min) all da‚Ä¶",MichaelBW80,,2022-06-29 21:02:36+00:00
"Tomorrow bearish sentiment for $SPY, could be a big red day since $SPY has been rejected by the 200 EMA (5 min) all‚Ä¶ https://t.co/CIVIXeMsfM",TradingKingEric,,2022-06-29 20:49:12+00:00
$SPY $SPX I don‚Äôt see any furus posting bullish / bearish charts for tomorrow. I‚Äôm sure they‚Äôll come rolling out after the CPI print.,Colton_Clay,"Frisco, TX",2022-06-29 20:19:34+00:00
Is this ramping EOD volume bullish or bearish? $SPY $QQQ https://t.co/ce6ses70kG,mightyduck19,,2022-06-29 19:57:08+00:00
RT @CP___TT: Here are some common chart patterns on both the bullish and bearish sides. Think this is overall a cool chart I thought I‚Äôd sh‚Ä¶,gideon777top_gm,,2022-06-29 18:33:55+00:00
"@tin3tin30 Thinking we may se the $377.46, fill the gap and then rip into close or gap up for tomorrow.

$SPY 

Bea‚Ä¶ https://t.co/3UG10nElol",welthman,"Montr√©al, Qu√©bec",2022-06-29 16:44:02+00:00
VIX showing bearish divergences and SPY showing bullish ü§î SPY still holding strong,M_eals,"Minneapolis, MN",2022-06-29 16:19:39+00:00
"$SPY  
 
BULLS will say it's bullish  
BEARS will say it's bearish 
 
what's it going to be? https://t.co/j3mYIdLkIg",OptionsRule,,2022-06-29 16:13:37+00:00
RT @CP___TT: Here are some common chart patterns on both the bullish and bearish sides. Think this is overall a cool chart I thought I‚Äôd sh‚Ä¶,DaveEJones,"Virginia, USA",2022-06-29 15:04:18+00:00
"Markets are not at bottom, downtrend likely to continue? #CNBC #FinTwit #Stocks #Bullish #Bearish $VIX #Bitcoin‚Ä¶ https://t.co/HyMhKIsiqN",3Xtraders,Chicago burbs,2022-06-29 14:50:50+00:00
My bet: they will make this LOOK bullish today YET all the key time frames will be bearish. They‚Äôll pump the bad ne‚Ä¶ https://t.co/xhFirffsWN,elix007,"Virginia, USA",2022-06-29 14:27:40+00:00
$SPY Will it bounce and stay in this bullish channel? If it breaks $376 it will continue üìâ in the bearish channel. https://t.co/0kjJRydU7Y,JnL4evaEVA,HawaiiMoBettah,2022-06-29 13:53:50+00:00
"Currently, $SPY chillin' around -0.3 to -0.4%

Flow has a slight bear lean today, 51% bearish, 49% bullish

COPE fo‚Ä¶ https://t.co/FQJ7NAHUCw",FNStonerman,discord.gg/unusualwhales,2022-06-29 13:40:42+00:00
"$SPY TW0E Numbers &amp; Game Plan: 
Above $378.11/$378.50 -&gt; Bullish Targets 386.83
Below $378 -&gt; Bearish Targets 373.7‚Ä¶ https://t.co/p4gySBALHZ",ProTrader_Vini,United States of America,2022-06-29 13:22:54+00:00
RT @CP___TT: Here are some common chart patterns on both the bullish and bearish sides. Think this is overall a cool chart I thought I‚Äôd sh‚Ä¶,ReTwet2Astro,,2022-06-29 13:16:06+00:00
We're watching $TSLA as always. Current pre market levels and price action indicate signs of a reversal from open‚Ä¶ https://t.co/zExuVGaTp1,CNEstocks,Wall Street,2022-06-29 13:02:46+00:00
RT @CP___TT: Here are some common chart patterns on both the bullish and bearish sides. Think this is overall a cool chart I thought I‚Äôd sh‚Ä¶,George1_4,"California, USA",2022-06-29 12:48:14+00:00
RT @CP___TT: Here are some common chart patterns on both the bullish and bearish sides. Think this is overall a cool chart I thought I‚Äôd sh‚Ä¶,Gambiste1,,2022-06-29 12:31:20+00:00
RT @CP___TT: Here are some common chart patterns on both the bullish and bearish sides. Think this is overall a cool chart I thought I‚Äôd sh‚Ä¶,wisedisciple1,,2022-06-29 12:21:38+00:00
RT @CP___TT: Here are some common chart patterns on both the bullish and bearish sides. Think this is overall a cool chart I thought I‚Äôd sh‚Ä¶,BrownTraders,USA,2022-06-29 12:17:34+00:00
RT @CP___TT: Here are some common chart patterns on both the bullish and bearish sides. Think this is overall a cool chart I thought I‚Äôd sh‚Ä¶,mass_business,"Toronto, Ontario",2022-06-29 12:16:09+00:00
RT @CP___TT: Here are some common chart patterns on both the bullish and bearish sides. Think this is overall a cool chart I thought I‚Äôd sh‚Ä¶,DavidsonCalfee,"Massachusetts, USA",2022-06-29 10:53:01+00:00
RT @CP___TT: Here are some common chart patterns on both the bullish and bearish sides. Think this is overall a cool chart I thought I‚Äôd sh‚Ä¶,trader_tsp,,2022-06-29 10:45:43+00:00
Hoping for $spy to bounce off 380$support line and to get back into the red dotted ascending support and to break a‚Ä¶ https://t.co/1HIWiCiFqX,DrkSydTrader7,Maine USA,2022-06-29 10:14:08+00:00
"RT @graddhybpc: Before yesterday, we had a blue bullish false breakout to the downside. But yesterday, it went clearly back below blue line‚Ä¶",graddhyybpc,the commodities bull market,2022-06-29 05:28:50+00:00
RT @CP___TT: Here are some common chart patterns on both the bullish and bearish sides. Think this is overall a cool chart I thought I‚Äôd sh‚Ä¶,snoopyro,United States of America,2022-06-29 05:19:46+00:00
RT @CP___TT: Here are some common chart patterns on both the bullish and bearish sides. Think this is overall a cool chart I thought I‚Äôd sh‚Ä¶,Fah_Crypto,Singapore,2022-06-29 04:45:13+00:00
RT @CP___TT: Here are some common chart patterns on both the bullish and bearish sides. Think this is overall a cool chart I thought I‚Äôd sh‚Ä¶,bl4ckantrax,üá∫üá∏ ,2022-06-29 04:25:15+00:00
RT @CP___TT: Here are some common chart patterns on both the bullish and bearish sides. Think this is overall a cool chart I thought I‚Äôd sh‚Ä¶,JohnMas53179342,,2022-06-29 03:39:37+00:00
RT @CP___TT: Here are some common chart patterns on both the bullish and bearish sides. Think this is overall a cool chart I thought I‚Äôd sh‚Ä¶,Tiberiu61642267,Everywhere,2022-06-29 02:50:00+00:00
$SPY to 340 by July 15th Exp date? Right around the 200MA. #BULLISH or #BEARISH be4 earnings ?,dlydickjr,Michigan,2022-06-29 02:46:30+00:00
"RT @nature_trades: Bullish $EVFM.  
Bearish $QQQ &amp; $SPY
Bearish $XLP &amp; $XLV.
Bullish $XLE &amp; $HUSA",anita37992698,California,2022-06-29 02:31:26+00:00
RT @CP___TT: Here are some common chart patterns on both the bullish and bearish sides. Think this is overall a cool chart I thought I‚Äôd sh‚Ä¶,JamieMcullough,,2022-06-29 02:25:01+00:00
"Bullish $EVFM.  
Bearish $QQQ &amp; $SPY
Bearish $XLP &amp; $XLV.
Bullish $XLE &amp; $HUSA",nature_trades,,2022-06-29 02:20:00+00:00
RT @CP___TT: Here are some common chart patterns on both the bullish and bearish sides. Think this is overall a cool chart I thought I‚Äôd sh‚Ä¶,realTTcrypto,Interwebs,2022-06-29 01:55:52+00:00
RT @CP___TT: Here are some common chart patterns on both the bullish and bearish sides. Think this is overall a cool chart I thought I‚Äôd sh‚Ä¶,kaktux_mx,"Phoenix, AZ",2022-06-29 01:52:10+00:00
RT @CP___TT: Here are some common chart patterns on both the bullish and bearish sides. Think this is overall a cool chart I thought I‚Äôd sh‚Ä¶,luongnk,,2022-06-29 00:54:55+00:00
RT @CP___TT: Here are some common chart patterns on both the bullish and bearish sides. Think this is overall a cool chart I thought I‚Äôd sh‚Ä¶,Princess41061,"Yulee, FL",2022-06-29 00:04:25+00:00
RT @CP___TT: Here are some common chart patterns on both the bullish and bearish sides. Think this is overall a cool chart I thought I‚Äôd sh‚Ä¶,RAVIKASHYAP8,INDIA,2022-06-29 00:03:28+00:00
RT @CP___TT: Here are some common chart patterns on both the bullish and bearish sides. Think this is overall a cool chart I thought I‚Äôd sh‚Ä¶,bbobtwits,,2022-06-28 23:58:53+00:00
RT @CP___TT: Here are some common chart patterns on both the bullish and bearish sides. Think this is overall a cool chart I thought I‚Äôd sh‚Ä¶,jesustrades1,Heaven Above,2022-06-28 23:46:10+00:00
RT @CP___TT: Here are some common chart patterns on both the bullish and bearish sides. Think this is overall a cool chart I thought I‚Äôd sh‚Ä¶,GRomePow,Pickin yo wallet wit inflation,2022-06-28 23:35:48+00:00
RT @CP___TT: Here are some common chart patterns on both the bullish and bearish sides. Think this is overall a cool chart I thought I‚Äôd sh‚Ä¶,Mertman351,,2022-06-28 23:24:24+00:00
RT @CP___TT: Here are some common chart patterns on both the bullish and bearish sides. Think this is overall a cool chart I thought I‚Äôd sh‚Ä¶,Moorewealthal,,2022-06-28 23:22:41+00:00
RT @CP___TT: Here are some common chart patterns on both the bullish and bearish sides. Think this is overall a cool chart I thought I‚Äôd sh‚Ä¶,ThugBroker,"New York, NY",2022-06-28 23:20:09+00:00
RT @CP___TT: Here are some common chart patterns on both the bullish and bearish sides. Think this is overall a cool chart I thought I‚Äôd sh‚Ä¶,Barrons964,,2022-06-28 23:09:49+00:00
RT @CP___TT: Here are some common chart patterns on both the bullish and bearish sides. Think this is overall a cool chart I thought I‚Äôd sh‚Ä¶,johnanewquist,"Dekalb, IL",2022-06-28 23:08:26+00:00
RT @CP___TT: Here are some common chart patterns on both the bullish and bearish sides. Think this is overall a cool chart I thought I‚Äôd sh‚Ä¶,lori_gruter,"Alberta, Canada",2022-06-28 23:05:21+00:00
RT @CP___TT: Here are some common chart patterns on both the bullish and bearish sides. Think this is overall a cool chart I thought I‚Äôd sh‚Ä¶,DaveDanker,,2022-06-28 23:04:51+00:00
RT @CP___TT: Here are some common chart patterns on both the bullish and bearish sides. Think this is overall a cool chart I thought I‚Äôd sh‚Ä¶,Wendyinmn,"Suburban, MN",2022-06-28 23:02:52+00:00
RT @CP___TT: Here are some common chart patterns on both the bullish and bearish sides. Think this is overall a cool chart I thought I‚Äôd sh‚Ä¶,moneynsleeps,"Atlanta, GA",2022-06-28 22:59:20+00:00
US stocks sold off today ostensibly because of a negative consumer sentiment survey. Consumers should be bullish ba‚Ä¶ https://t.co/YsL6smBvrt,maxmckegg_TRL,New Zealand,2022-06-28 22:54:49+00:00
RT @CP___TT: Here are some common chart patterns on both the bullish and bearish sides. Think this is overall a cool chart I thought I‚Äôd sh‚Ä¶,hedgefundsrati1,"NY , Luxembourg , Tunisia",2022-06-28 22:48:49+00:00
RT @CP___TT: Here are some common chart patterns on both the bullish and bearish sides. Think this is overall a cool chart I thought I‚Äôd sh‚Ä¶,Ustreet_I,,2022-06-28 22:40:37+00:00
RT @CP___TT: Here are some common chart patterns on both the bullish and bearish sides. Think this is overall a cool chart I thought I‚Äôd sh‚Ä¶,kevinkouhang,,2022-06-28 22:39:51+00:00
"$SPX $SPY $QQQ #POWRTRENDZ #System

From #bullish to #bearish

You should NOT be long. Risk-off

üêÇüêª https://t.co/VmTqjSwlBF",ChiefPowrTrendz,"Charleston, SC",2022-06-28 22:38:46+00:00
"RT @SwingTradeBot: Tonight's scans: 29% bullish, 70% bearish. Top 2: Non-ADX 1,2,3,4 Bearish &amp; 20 DMA Resistance $SPY $QQQ $STUDY https://t‚Ä¶",AlertTrade,,2022-06-28 22:36:04+00:00
RT @CP___TT: Here are some common chart patterns on both the bullish and bearish sides. Think this is overall a cool chart I thought I‚Äôd sh‚Ä¶,turkercharts,"Didim, T√ºrkiye",2022-06-28 22:33:11+00:00
RT @CP___TT: Here are some common chart patterns on both the bullish and bearish sides. Think this is overall a cool chart I thought I‚Äôd sh‚Ä¶,luzhonggg,,2022-06-28 22:32:15+00:00
RT @CP___TT: Here are some common chart patterns on both the bullish and bearish sides. Think this is overall a cool chart I thought I‚Äôd sh‚Ä¶,RockNDSoL,,2022-06-28 22:21:55+00:00
RT @CP___TT: Here are some common chart patterns on both the bullish and bearish sides. Think this is overall a cool chart I thought I‚Äôd sh‚Ä¶,Jastrzebs3Chris,,2022-06-28 22:21:52+00:00
RT @CP___TT: Here are some common chart patterns on both the bullish and bearish sides. Think this is overall a cool chart I thought I‚Äôd sh‚Ä¶,RichDickerly,,2022-06-28 22:19:27+00:00
RT @CP___TT: Here are some common chart patterns on both the bullish and bearish sides. Think this is overall a cool chart I thought I‚Äôd sh‚Ä¶,hardoinvestor,"Chicago, IL",2022-06-28 22:19:10+00:00
RT @CP___TT: Here are some common chart patterns on both the bullish and bearish sides. Think this is overall a cool chart I thought I‚Äôd sh‚Ä¶,Denny27322156,,2022-06-28 21:59:21+00:00
RT @CP___TT: Here are some common chart patterns on both the bullish and bearish sides. Think this is overall a cool chart I thought I‚Äôd sh‚Ä¶,mompride21,"Oakland, CA",2022-06-28 21:53:31+00:00
RT @CP___TT: Here are some common chart patterns on both the bullish and bearish sides. Think this is overall a cool chart I thought I‚Äôd sh‚Ä¶,AMCapeSTONK,"Minnesota, USA",2022-06-28 21:53:11+00:00
RT @CP___TT: Here are some common chart patterns on both the bullish and bearish sides. Think this is overall a cool chart I thought I‚Äôd sh‚Ä¶,lluis_page,"Long Beach, NY",2022-06-28 21:50:37+00:00
"Tonight's scans: 29% bullish, 70% bearish. Top 2: Non-ADX 1,2,3,4 Bearish &amp; 20 DMA Resistance $SPY $QQQ $STUDY https://t.co/iaZygyDgaD",SwingTradeBot,,2022-06-28 21:38:11+00:00
@TOzgokmen $VIX stochastics K bounced off extreme oversold &amp; crossed ‚§¥Ô∏è D w a Bullish Engulfing Candle. Interesting‚Ä¶ https://t.co/X22zxVblmB,SebastinPatron3,South Florida,2022-06-28 21:30:36+00:00
RT @CP___TT: Here are some common chart patterns on both the bullish and bearish sides. Think this is overall a cool chart I thought I‚Äôd sh‚Ä¶,RichardGaribay,"Highland, CA",2022-06-28 21:28:29+00:00
Tuesday Stock Market Recap: Bullish Alerts:Bearish Alerts 1776:4189 $SPY $QQQ $STUDY https://t.co/jDfB3omYpK,SwingTradeBot,,2022-06-28 21:28:16+00:00
RT @CP___TT: Here are some common chart patterns on both the bullish and bearish sides. Think this is overall a cool chart I thought I‚Äôd sh‚Ä¶,Blueroad8888,"Greenwich, London",2022-06-28 21:16:28+00:00
RT @CP___TT: Here are some common chart patterns on both the bullish and bearish sides. Think this is overall a cool chart I thought I‚Äôd sh‚Ä¶,Cryptofan2211,,2022-06-28 21:00:52+00:00
"RT @R_Castle239: Yesterday everyone was bullish, so we gapped then crapped. Beautiful. Today, everyone is bearish‚Ä¶so do we dump then pump?‚Ä¶",Vlssl1,Serbia,2022-06-28 20:48:22+00:00
"RT @R_Castle239: Yesterday everyone was bullish, so we gapped then crapped. Beautiful. Today, everyone is bearish‚Ä¶so do we dump then pump?‚Ä¶",Qlabe1,"Bengaluru, India",2022-06-28 20:39:09+00:00
RT @CP___TT: Here are some common chart patterns on both the bullish and bearish sides. Think this is overall a cool chart I thought I‚Äôd sh‚Ä¶,FreeGuyCDA,Cap d¬¥Agde,2022-06-28 20:35:35+00:00
$SPY If GDP numbers look bad  tomorrow then 373 and 370 on deck. Will a Powell pump rescue the market? We have bear‚Ä¶ https://t.co/mIn1t92EKh,LordofOptions,United Kingdom,2022-06-28 20:34:49+00:00
RT @CP___TT: Here are some common chart patterns on both the bullish and bearish sides. Think this is overall a cool chart I thought I‚Äôd sh‚Ä¶,realDuck,United States,2022-06-28 20:29:56+00:00
RT @CP___TT: Here are some common chart patterns on both the bullish and bearish sides. Think this is overall a cool chart I thought I‚Äôd sh‚Ä¶,MeiMi18232990,,2022-06-28 20:28:47+00:00
RT @CP___TT: Here are some common chart patterns on both the bullish and bearish sides. Think this is overall a cool chart I thought I‚Äôd sh‚Ä¶,dogereddy,,2022-06-28 20:26:10+00:00
RT @CP___TT: Here are some common chart patterns on both the bullish and bearish sides. Think this is overall a cool chart I thought I‚Äôd sh‚Ä¶,ParkerG26756193,,2022-06-28 20:25:11+00:00
RT @CP___TT: Here are some common chart patterns on both the bullish and bearish sides. Think this is overall a cool chart I thought I‚Äôd sh‚Ä¶,Eazy_Z89,ü§∑üèæ‚Äç‚ôÇÔ∏è,2022-06-28 20:24:13+00:00
RT @CP___TT: Here are some common chart patterns on both the bullish and bearish sides. Think this is overall a cool chart I thought I‚Äôd sh‚Ä¶,NolaBelle2020,,2022-06-28 20:22:16+00:00
RT @CP___TT: Here are some common chart patterns on both the bullish and bearish sides. Think this is overall a cool chart I thought I‚Äôd sh‚Ä¶,BasenjiInvest,"A galaxy far, far away ",2022-06-28 20:21:48+00:00
RT @CP___TT: Here are some common chart patterns on both the bullish and bearish sides. Think this is overall a cool chart I thought I‚Äôd sh‚Ä¶,blanc_debra,,2022-06-28 20:20:13+00:00
RT @CP___TT: Here are some common chart patterns on both the bullish and bearish sides. Think this is overall a cool chart I thought I‚Äôd sh‚Ä¶,AbrahamCerpa1,"Chicago, IL",2022-06-28 20:19:54+00:00
RT @CP___TT: Here are some common chart patterns on both the bullish and bearish sides. Think this is overall a cool chart I thought I‚Äôd sh‚Ä¶,TOFIQFAZL,Karachi,2022-06-28 20:17:06+00:00
RT @CP___TT: Here are some common chart patterns on both the bullish and bearish sides. Think this is overall a cool chart I thought I‚Äôd sh‚Ä¶,brandon_bhola,"Minneapolis, MN",2022-06-28 20:14:46+00:00
"Yesterday everyone was bullish, so we gapped then crapped. Beautiful. Today, everyone is bearish‚Ä¶so do we dump then‚Ä¶ https://t.co/cOF4K8PknY",R_Castle239,"Colorado Springs, USA",2022-06-28 20:12:55+00:00
RT @CP___TT: Here are some common chart patterns on both the bullish and bearish sides. Think this is overall a cool chart I thought I‚Äôd sh‚Ä¶,1738prince,"McLean, VA",2022-06-28 20:01:22+00:00
RT @CP___TT: Here are some common chart patterns on both the bullish and bearish sides. Think this is overall a cool chart I thought I‚Äôd sh‚Ä¶,Matthew88252719,,2022-06-28 19:58:02+00:00
RT @CP___TT: Here are some common chart patterns on both the bullish and bearish sides. Think this is overall a cool chart I thought I‚Äôd sh‚Ä¶,InvestingAlpha1,"Tokyo, Japan",2022-06-28 19:51:35+00:00
RT @CP___TT: Here are some common chart patterns on both the bullish and bearish sides. Think this is overall a cool chart I thought I‚Äôd sh‚Ä¶,KorruptdHigh420,"Ontario, CA",2022-06-28 19:47:57+00:00
Incredible to see so many bullish folks 'yesterday' who now explain 'obvious bearish' setups in their charts at mar‚Ä¶ https://t.co/ir2xDgjfnP,Acorn_Capital,"New York, USA",2022-06-28 19:34:59+00:00
SPY futures- This multi month range went bullish in vol 2 weeks ago- this morning it flipped to bearish at 391- get‚Ä¶ https://t.co/P9ZEDXB9oe,OnlyGreenTrades,Worldwide,2022-06-28 19:34:22+00:00
RT @CP___TT: Here are some common chart patterns on both the bullish and bearish sides. Think this is overall a cool chart I thought I‚Äôd sh‚Ä¶,BradMetcalf2,"Edmonton, Alberta",2022-06-28 19:23:47+00:00
RT @CP___TT: Here are some common chart patterns on both the bullish and bearish sides. Think this is overall a cool chart I thought I‚Äôd sh‚Ä¶,zakvee,"New York, NY",2022-06-28 19:20:48+00:00
RT @CP___TT: Here are some common chart patterns on both the bullish and bearish sides. Think this is overall a cool chart I thought I‚Äôd sh‚Ä¶,ShebNitz,"Portland, OR",2022-06-28 19:17:13+00:00
"#ES_F $SPY bulls in trouble after a failed bullish imbalance, now testing VAH. If we loose 3775 (buy control), more‚Ä¶ https://t.co/EdvvvkDB32",GeorgeWegwitz,"Madrid, Tenerife",2022-06-28 19:14:23+00:00
RT @CP___TT: Here are some common chart patterns on both the bullish and bearish sides. Think this is overall a cool chart I thought I‚Äôd sh‚Ä¶,rockyrockcrock,,2022-06-28 19:14:12+00:00
RT @CP___TT: Here are some common chart patterns on both the bullish and bearish sides. Think this is overall a cool chart I thought I‚Äôd sh‚Ä¶,aeyesunny,,2022-06-28 19:11:30+00:00
RT @CP___TT: Here are some common chart patterns on both the bullish and bearish sides. Think this is overall a cool chart I thought I‚Äôd sh‚Ä¶,WolfRuleOne,–ë—ä–ª–≥–∞—Ä–∏—è,2022-06-28 19:02:03+00:00
RT @CP___TT: Here are some common chart patterns on both the bullish and bearish sides. Think this is overall a cool chart I thought I‚Äôd sh‚Ä¶,PentarchyDev,Metaverse,2022-06-28 18:59:59+00:00
RT @CP___TT: Here are some common chart patterns on both the bullish and bearish sides. Think this is overall a cool chart I thought I‚Äôd sh‚Ä¶,calexicant,,2022-06-28 18:59:43+00:00
RT @CP___TT: Here are some common chart patterns on both the bullish and bearish sides. Think this is overall a cool chart I thought I‚Äôd sh‚Ä¶,MattLuisi1,,2022-06-28 18:52:21+00:00
RT @CP___TT: Here are some common chart patterns on both the bullish and bearish sides. Think this is overall a cool chart I thought I‚Äôd sh‚Ä¶,black_phallus,,2022-06-28 18:46:33+00:00
RT @CP___TT: Here are some common chart patterns on both the bullish and bearish sides. Think this is overall a cool chart I thought I‚Äôd sh‚Ä¶,Detroit__Viking,,2022-06-28 18:45:45+00:00
RT @CP___TT: Here are some common chart patterns on both the bullish and bearish sides. Think this is overall a cool chart I thought I‚Äôd sh‚Ä¶,wisetree777,,2022-06-28 18:35:04+00:00
RT @CP___TT: Here are some common chart patterns on both the bullish and bearish sides. Think this is overall a cool chart I thought I‚Äôd sh‚Ä¶,TheJewishTrades,TLV Israel,2022-06-28 18:34:53+00:00
RT @CP___TT: Here are some common chart patterns on both the bullish and bearish sides. Think this is overall a cool chart I thought I‚Äôd sh‚Ä¶,jai2193034921,"Dublin City, Ireland",2022-06-28 18:34:09+00:00
RT @CP___TT: Here are some common chart patterns on both the bullish and bearish sides. Think this is overall a cool chart I thought I‚Äôd sh‚Ä¶,sweeetea19,"Boston, MA",2022-06-28 18:32:19+00:00
RT @CP___TT: Here are some common chart patterns on both the bullish and bearish sides. Think this is overall a cool chart I thought I‚Äôd sh‚Ä¶,brentconwayy,,2022-06-28 18:18:49+00:00
RT @CP___TT: Here are some common chart patterns on both the bullish and bearish sides. Think this is overall a cool chart I thought I‚Äôd sh‚Ä¶,YoungAncestor1,"Chicago, IL",2022-06-28 18:15:15+00:00
RT @CP___TT: Here are some common chart patterns on both the bullish and bearish sides. Think this is overall a cool chart I thought I‚Äôd sh‚Ä¶,jayxcxc,"Los Angeles, CA",2022-06-28 18:03:54+00:00
RT @CP___TT: Here are some common chart patterns on both the bullish and bearish sides. Think this is overall a cool chart I thought I‚Äôd sh‚Ä¶,lucifersrising,"Vancouver, Canada",2022-06-28 18:01:05+00:00
RT @CP___TT: Here are some common chart patterns on both the bullish and bearish sides. Think this is overall a cool chart I thought I‚Äôd sh‚Ä¶,llorenzC,Bologna,2022-06-28 18:00:11+00:00
RT @CP___TT: Here are some common chart patterns on both the bullish and bearish sides. Think this is overall a cool chart I thought I‚Äôd sh‚Ä¶,davohg1,,2022-06-28 17:53:23+00:00
RT @CP___TT: Here are some common chart patterns on both the bullish and bearish sides. Think this is overall a cool chart I thought I‚Äôd sh‚Ä¶,RossAlwaysReady,"Dublin City, Ireland",2022-06-28 17:50:58+00:00
RT @CP___TT: Here are some common chart patterns on both the bullish and bearish sides. Think this is overall a cool chart I thought I‚Äôd sh‚Ä¶,progressiononly,"Illinois, USA",2022-06-28 17:36:01+00:00
RT @CP___TT: Here are some common chart patterns on both the bullish and bearish sides. Think this is overall a cool chart I thought I‚Äôd sh‚Ä¶,clarkalphas,"Orange, CA",2022-06-28 17:32:10+00:00
RT @CP___TT: Here are some common chart patterns on both the bullish and bearish sides. Think this is overall a cool chart I thought I‚Äôd sh‚Ä¶,gunjan_baghesh,"Lucknow, India",2022-06-28 17:20:19+00:00
RT @CP___TT: Here are some common chart patterns on both the bullish and bearish sides. Think this is overall a cool chart I thought I‚Äôd sh‚Ä¶,Alex__guerra0,"Phoenix, AZ",2022-06-28 17:13:23+00:00
RT @CP___TT: Here are some common chart patterns on both the bullish and bearish sides. Think this is overall a cool chart I thought I‚Äôd sh‚Ä¶,Astronautfran,Unknown ,2022-06-28 17:06:24+00:00
RT @CP___TT: Here are some common chart patterns on both the bullish and bearish sides. Think this is overall a cool chart I thought I‚Äôd sh‚Ä¶,XunjiaW,"Melbourne, Victoria",2022-06-28 17:04:39+00:00
RT @CP___TT: Here are some common chart patterns on both the bullish and bearish sides. Think this is overall a cool chart I thought I‚Äôd sh‚Ä¶,holdupaye,,2022-06-28 17:00:32+00:00
RT @CP___TT: Here are some common chart patterns on both the bullish and bearish sides. Think this is overall a cool chart I thought I‚Äôd sh‚Ä¶,Mythical_Trades,,2022-06-28 16:56:25+00:00
RT @CP___TT: Here are some common chart patterns on both the bullish and bearish sides. Think this is overall a cool chart I thought I‚Äôd sh‚Ä¶,gorhooden,,2022-06-28 16:53:24+00:00
RT @CP___TT: Here are some common chart patterns on both the bullish and bearish sides. Think this is overall a cool chart I thought I‚Äôd sh‚Ä¶,4Profit,Metroville,2022-06-28 16:51:09+00:00
RT @CP___TT: Here are some common chart patterns on both the bullish and bearish sides. Think this is overall a cool chart I thought I‚Äôd sh‚Ä¶,stanrey1011,,2022-06-28 16:45:26+00:00
RT @CP___TT: Here are some common chart patterns on both the bullish and bearish sides. Think this is overall a cool chart I thought I‚Äôd sh‚Ä¶,QuySeven,Sky,2022-06-28 16:36:33+00:00
RT @CP___TT: Here are some common chart patterns on both the bullish and bearish sides. Think this is overall a cool chart I thought I‚Äôd sh‚Ä¶,DeTrade11,,2022-06-28 16:34:01+00:00
RT @CP___TT: Here are some common chart patterns on both the bullish and bearish sides. Think this is overall a cool chart I thought I‚Äôd sh‚Ä¶,lonewolfy00,,2022-06-28 16:30:59+00:00
RT @CP___TT: Here are some common chart patterns on both the bullish and bearish sides. Think this is overall a cool chart I thought I‚Äôd sh‚Ä¶,cheekychacha69,Space Rocket,2022-06-28 16:22:43+00:00
RT @CP___TT: Here are some common chart patterns on both the bullish and bearish sides. Think this is overall a cool chart I thought I‚Äôd sh‚Ä¶,lost_kangaroo,Mid-Air,2022-06-28 16:19:43+00:00
RT @CP___TT: Here are some common chart patterns on both the bullish and bearish sides. Think this is overall a cool chart I thought I‚Äôd sh‚Ä¶,campingsnowball,,2022-06-28 16:14:13+00:00
RT @CP___TT: Here are some common chart patterns on both the bullish and bearish sides. Think this is overall a cool chart I thought I‚Äôd sh‚Ä¶,iGetTrades,Not Financial Advice,2022-06-28 16:10:03+00:00
RT @CP___TT: Here are some common chart patterns on both the bullish and bearish sides. Think this is overall a cool chart I thought I‚Äôd sh‚Ä¶,pkirpalaney,"Toronto, Ontario",2022-06-28 16:06:53+00:00
RT @CP___TT: Here are some common chart patterns on both the bullish and bearish sides. Think this is overall a cool chart I thought I‚Äôd sh‚Ä¶,kuldeepkumaar41,papa's home ‚ò∫,2022-06-28 16:04:47+00:00
RT @CP___TT: Here are some common chart patterns on both the bullish and bearish sides. Think this is overall a cool chart I thought I‚Äôd sh‚Ä¶,Sansinna,,2022-06-28 16:03:55+00:00
RT @CP___TT: Here are some common chart patterns on both the bullish and bearish sides. Think this is overall a cool chart I thought I‚Äôd sh‚Ä¶,nattavut_nat,,2022-06-28 15:54:22+00:00
RT @CP___TT: Here are some common chart patterns on both the bullish and bearish sides. Think this is overall a cool chart I thought I‚Äôd sh‚Ä¶,paynej247,Planet Earth,2022-06-28 15:51:18+00:00
"I‚Äôm still very bullish and think a big short squeeze is coming, just not time to enter yet if you look at the chart‚Ä¶ https://t.co/oNQAQ26P0A",LilChawley,,2022-06-28 15:45:41+00:00
"Also added $GOOG 7/15 $2,500c here. Looking for buyers to push it up tomorrow and Thursday.

Hard to be bullish on‚Ä¶ https://t.co/1nDrS0OAQB",jmb_trading,"Baltimore, MD",2022-06-28 15:38:04+00:00
RT @CP___TT: Here are some common chart patterns on both the bullish and bearish sides. Think this is overall a cool chart I thought I‚Äôd sh‚Ä¶,AIChainz,"Sydney, Australia",2022-06-28 15:36:32+00:00
RT @CP___TT: Here are some common chart patterns on both the bullish and bearish sides. Think this is overall a cool chart I thought I‚Äôd sh‚Ä¶,Sal68807162,,2022-06-28 15:33:37+00:00
RT @CP___TT: Here are some common chart patterns on both the bullish and bearish sides. Think this is overall a cool chart I thought I‚Äôd sh‚Ä¶,HannaLe67633513,,2022-06-28 15:29:44+00:00
RT @CP___TT: Here are some common chart patterns on both the bullish and bearish sides. Think this is overall a cool chart I thought I‚Äôd sh‚Ä¶,howiecalls,"sus'd at 90k , tetchra",2022-06-28 15:27:58+00:00
RT @CP___TT: Here are some common chart patterns on both the bullish and bearish sides. Think this is overall a cool chart I thought I‚Äôd sh‚Ä¶,w31300737,,2022-06-28 15:27:50+00:00
RT @CP___TT: Here are some common chart patterns on both the bullish and bearish sides. Think this is overall a cool chart I thought I‚Äôd sh‚Ä¶,EconDataSciGuy,Chi City,2022-06-28 15:26:45+00:00
RT @CP___TT: Here are some common chart patterns on both the bullish and bearish sides. Think this is overall a cool chart I thought I‚Äôd sh‚Ä¶,pomealome,"Halifax, Nova Scotia",2022-06-28 15:21:49+00:00
RT @CP___TT: Here are some common chart patterns on both the bullish and bearish sides. Think this is overall a cool chart I thought I‚Äôd sh‚Ä¶,akund001,,2022-06-28 15:21:16+00:00
RT @CP___TT: Here are some common chart patterns on both the bullish and bearish sides. Think this is overall a cool chart I thought I‚Äôd sh‚Ä¶,LowKeyBANGARANG,Never Never Land,2022-06-28 15:16:02+00:00
RT @CP___TT: Here are some common chart patterns on both the bullish and bearish sides. Think this is overall a cool chart I thought I‚Äôd sh‚Ä¶,investabrew,,2022-06-28 15:14:18+00:00
RT @CP___TT: Here are some common chart patterns on both the bullish and bearish sides. Think this is overall a cool chart I thought I‚Äôd sh‚Ä¶,DariuszPra,,2022-06-28 15:12:37+00:00
RT @CP___TT: Here are some common chart patterns on both the bullish and bearish sides. Think this is overall a cool chart I thought I‚Äôd sh‚Ä¶,Ricardo_Marenco,"Los Angeles, CA",2022-06-28 15:10:10+00:00
RT @CP___TT: Here are some common chart patterns on both the bullish and bearish sides. Think this is overall a cool chart I thought I‚Äôd sh‚Ä¶,reddychintu547,,2022-06-28 15:06:16+00:00
RT @CP___TT: Here are some common chart patterns on both the bullish and bearish sides. Think this is overall a cool chart I thought I‚Äôd sh‚Ä¶,lamproce,PALM OF AFRICA ASE,2022-06-28 15:02:24+00:00
RT @CP___TT: Here are some common chart patterns on both the bullish and bearish sides. Think this is overall a cool chart I thought I‚Äôd sh‚Ä¶,BuzyB123,United States,2022-06-28 15:01:27+00:00
RT @CP___TT: Here are some common chart patterns on both the bullish and bearish sides. Think this is overall a cool chart I thought I‚Äôd sh‚Ä¶,rac4life,"Indiana, USA",2022-06-28 14:52:12+00:00
RT @CP___TT: Here are some common chart patterns on both the bullish and bearish sides. Think this is overall a cool chart I thought I‚Äôd sh‚Ä¶,denramirez23,"Las Vegas, NV",2022-06-28 14:39:32+00:00
RT @CP___TT: Here are some common chart patterns on both the bullish and bearish sides. Think this is overall a cool chart I thought I‚Äôd sh‚Ä¶,502Don_K,,2022-06-28 14:37:14+00:00
RT @CP___TT: Here are some common chart patterns on both the bullish and bearish sides. Think this is overall a cool chart I thought I‚Äôd sh‚Ä¶,Marekr_13,,2022-06-28 14:34:29+00:00
RT @CP___TT: Here are some common chart patterns on both the bullish and bearish sides. Think this is overall a cool chart I thought I‚Äôd sh‚Ä¶,StrategicMngmt,"Texas, USA",2022-06-28 14:31:50+00:00
RT @CP___TT: Here are some common chart patterns on both the bullish and bearish sides. Think this is overall a cool chart I thought I‚Äôd sh‚Ä¶,Fed_ex818,"Lancaster, CA",2022-06-28 14:30:51+00:00
RT @CP___TT: Here are some common chart patterns on both the bullish and bearish sides. Think this is overall a cool chart I thought I‚Äôd sh‚Ä¶,JohnSTOXton,,2022-06-28 14:27:56+00:00
RT @CP___TT: Here are some common chart patterns on both the bullish and bearish sides. Think this is overall a cool chart I thought I‚Äôd sh‚Ä¶,DelommkDelmar,,2022-06-28 14:26:55+00:00
RT @CP___TT: Here are some common chart patterns on both the bullish and bearish sides. Think this is overall a cool chart I thought I‚Äôd sh‚Ä¶,alexadureb,,2022-06-28 14:24:50+00:00
RT @CP___TT: Here are some common chart patterns on both the bullish and bearish sides. Think this is overall a cool chart I thought I‚Äôd sh‚Ä¶,Gambiste1,,2022-06-28 14:24:42+00:00
RT @CP___TT: Here are some common chart patterns on both the bullish and bearish sides. Think this is overall a cool chart I thought I‚Äôd sh‚Ä¶,winstantmee,,2022-06-28 14:24:10+00:00
RT @CP___TT: Here are some common chart patterns on both the bullish and bearish sides. Think this is overall a cool chart I thought I‚Äôd sh‚Ä¶,Colin41008222,,2022-06-28 14:23:23+00:00
RT @CP___TT: Here are some common chart patterns on both the bullish and bearish sides. Think this is overall a cool chart I thought I‚Äôd sh‚Ä¶,imVishnuK,üåèüåéüåç,2022-06-28 14:18:47+00:00
RT @CP___TT: Here are some common chart patterns on both the bullish and bearish sides. Think this is overall a cool chart I thought I‚Äôd sh‚Ä¶,OckhamsRazor22,United States,2022-06-28 14:17:32+00:00
"RT @Snowfish_Tradin: GM! $SPY still consolidating/flagging here btw 388-392, bullish above bearish below. We spoke in detail about our plan‚Ä¶",Ceni_Capital,,2022-06-28 14:11:14+00:00
RT @CP___TT: Here are some common chart patterns on both the bullish and bearish sides. Think this is overall a cool chart I thought I‚Äôd sh‚Ä¶,mramzansiddiqui,DUBAI(U.A.E),2022-06-28 14:05:45+00:00
RT @CP___TT: Here are some common chart patterns on both the bullish and bearish sides. Think this is overall a cool chart I thought I‚Äôd sh‚Ä¶,Nmistry6,"Oakland, CA",2022-06-28 14:02:09+00:00
RT @CP___TT: Here are some common chart patterns on both the bullish and bearish sides. Think this is overall a cool chart I thought I‚Äôd sh‚Ä¶,BlueSkyyy07,,2022-06-28 13:59:50+00:00
RT @CP___TT: Here are some common chart patterns on both the bullish and bearish sides. Think this is overall a cool chart I thought I‚Äôd sh‚Ä¶,Smitdawg6,,2022-06-28 13:58:47+00:00
Everyone on fintwit claiming everyone else on fintwit is bullish therefore they are bearish. Prob bullish $spx $spy $qqq $ndx,SpeculateMoore,In front of screen,2022-06-28 13:54:42+00:00
RT @CP___TT: Here are some common chart patterns on both the bullish and bearish sides. Think this is overall a cool chart I thought I‚Äôd sh‚Ä¶,r_wallstreet_,Wall Street,2022-06-28 13:52:46+00:00
RT @CP___TT: Here are some common chart patterns on both the bullish and bearish sides. Think this is overall a cool chart I thought I‚Äôd sh‚Ä¶,csstraders,USA,2022-06-28 13:38:30+00:00
RT @CP___TT: Here are some common chart patterns on both the bullish and bearish sides. Think this is overall a cool chart I thought I‚Äôd sh‚Ä¶,GraapBernd,hamburg,2022-06-28 13:36:36+00:00
RT @CP___TT: Here are some common chart patterns on both the bullish and bearish sides. Think this is overall a cool chart I thought I‚Äôd sh‚Ä¶,SubliminalSport,"Los Angeles, CA",2022-06-28 13:35:25+00:00
RT @CP___TT: Here are some common chart patterns on both the bullish and bearish sides. Think this is overall a cool chart I thought I‚Äôd sh‚Ä¶,OCSO421,"Oklahoma, USA",2022-06-28 13:32:41+00:00
RT @CP___TT: Here are some common chart patterns on both the bullish and bearish sides. Think this is overall a cool chart I thought I‚Äôd sh‚Ä¶,L4rgoEmb4rgo,,2022-06-28 13:26:24+00:00
RT @CP___TT: Here are some common chart patterns on both the bullish and bearish sides. Think this is overall a cool chart I thought I‚Äôd sh‚Ä¶,1JUANDELGADO,77063,2022-06-28 13:26:03+00:00
RT @CP___TT: Here are some common chart patterns on both the bullish and bearish sides. Think this is overall a cool chart I thought I‚Äôd sh‚Ä¶,InfiniteDiluti1,,2022-06-28 13:25:32+00:00
RT @CP___TT: Here are some common chart patterns on both the bullish and bearish sides. Think this is overall a cool chart I thought I‚Äôd sh‚Ä¶,BravesBravo,,2022-06-28 13:21:28+00:00
"GM! $SPY still consolidating/flagging here btw 388-392, bullish above bearish below. We spoke in detail about our p‚Ä¶ https://t.co/lldarp9zMs",Snowfish_Tradin,United States,2022-06-28 13:19:54+00:00
RT @CP___TT: Here are some common chart patterns on both the bullish and bearish sides. Think this is overall a cool chart I thought I‚Äôd sh‚Ä¶,Morbius7770,"Montr√©al, Qu√©bec",2022-06-28 13:18:59+00:00
RT @CP___TT: Here are some common chart patterns on both the bullish and bearish sides. Think this is overall a cool chart I thought I‚Äôd sh‚Ä¶,RaffaellaDeFili,"Charlotte, NC",2022-06-28 13:18:35+00:00
$SPY Stuck in 388-392 range with now Narrow CPR. CB Consumer Confidence @ 10AM ET. OPEC &amp; Powell tomorrow. Bullish‚Ä¶ https://t.co/1TGHwg8Ka9,S3NSF,,2022-06-28 13:17:29+00:00
RT @CP___TT: Here are some common chart patterns on both the bullish and bearish sides. Think this is overall a cool chart I thought I‚Äôd sh‚Ä¶,Juni085,,2022-06-28 13:16:15+00:00
RT @CP___TT: Here are some common chart patterns on both the bullish and bearish sides. Think this is overall a cool chart I thought I‚Äôd sh‚Ä¶,doitforCRYPTO,"Brooklyn, NY",2022-06-28 13:14:55+00:00
RT @CP___TT: Here are some common chart patterns on both the bullish and bearish sides. Think this is overall a cool chart I thought I‚Äôd sh‚Ä¶,giraud_miguel,,2022-06-28 13:11:23+00:00
RT @CP___TT: Here are some common chart patterns on both the bullish and bearish sides. Think this is overall a cool chart I thought I‚Äôd sh‚Ä¶,OneTheory89,United States,2022-06-28 13:06:22+00:00
RT @CP___TT: Here are some common chart patterns on both the bullish and bearish sides. Think this is overall a cool chart I thought I‚Äôd sh‚Ä¶,ChachoEsquire,Toronto,2022-06-28 13:05:40+00:00
#TradingView AsExpected TurnAroundTuesday higherüëá8Pics+Below are Summer BullishüëáONLY BAD NEWS ruins #FOMO if Seller‚Ä¶ https://t.co/mWSUAzdKdh,CFPStrategist4U,StockMarketKnowledgeOPINIONSüëá,2022-06-28 13:04:00+00:00
RT @CP___TT: Here are some common chart patterns on both the bullish and bearish sides. Think this is overall a cool chart I thought I‚Äôd sh‚Ä¶,kimchichan83,Singapore,2022-06-28 13:03:12+00:00
RT @CP___TT: Here are some common chart patterns on both the bullish and bearish sides. Think this is overall a cool chart I thought I‚Äôd sh‚Ä¶,YuZhu4,,2022-06-28 13:01:01+00:00
RT @CP___TT: Here are some common chart patterns on both the bullish and bearish sides. Think this is overall a cool chart I thought I‚Äôd sh‚Ä¶,satyacitizen,,2022-06-28 12:55:52+00:00
RT @CP___TT: Here are some common chart patterns on both the bullish and bearish sides. Think this is overall a cool chart I thought I‚Äôd sh‚Ä¶,archna2011,"Chicago, IL",2022-06-28 12:54:50+00:00
RT @CP___TT: Here are some common chart patterns on both the bullish and bearish sides. Think this is overall a cool chart I thought I‚Äôd sh‚Ä¶,MacroRamon,,2022-06-28 12:54:40+00:00
RT @CP___TT: Here are some common chart patterns on both the bullish and bearish sides. Think this is overall a cool chart I thought I‚Äôd sh‚Ä¶,Noelpmy,,2022-06-28 12:43:27+00:00
RT @CP___TT: Here are some common chart patterns on both the bullish and bearish sides. Think this is overall a cool chart I thought I‚Äôd sh‚Ä¶,Lows3D,"St Augustine Beach, FL",2022-06-28 12:42:35+00:00
RT @CP___TT: Here are some common chart patterns on both the bullish and bearish sides. Think this is overall a cool chart I thought I‚Äôd sh‚Ä¶,adscouting,,2022-06-28 12:41:18+00:00
RT @CP___TT: Here are some common chart patterns on both the bullish and bearish sides. Think this is overall a cool chart I thought I‚Äôd sh‚Ä¶,tigbiz12,,2022-06-28 12:35:05+00:00
RT @CP___TT: Here are some common chart patterns on both the bullish and bearish sides. Think this is overall a cool chart I thought I‚Äôd sh‚Ä¶,Kathryn86126162,"Naples, FL",2022-06-28 12:34:21+00:00
RT @CP___TT: Here are some common chart patterns on both the bullish and bearish sides. Think this is overall a cool chart I thought I‚Äôd sh‚Ä¶,Sadur53617254,,2022-06-28 12:33:18+00:00
RT @CP___TT: Here are some common chart patterns on both the bullish and bearish sides. Think this is overall a cool chart I thought I‚Äôd sh‚Ä¶,J5867805771,,2022-06-28 12:28:55+00:00
RT @CP___TT: Here are some common chart patterns on both the bullish and bearish sides. Think this is overall a cool chart I thought I‚Äôd sh‚Ä¶,eyeste1n,"Delaware, USA",2022-06-28 12:28:23+00:00
RT @CP___TT: Here are some common chart patterns on both the bullish and bearish sides. Think this is overall a cool chart I thought I‚Äôd sh‚Ä¶,traderbro_,,2022-06-28 12:27:00+00:00
"Expect today to be another inside day. Slightly more bullish than bearish, but I can see the downside play. 

$TSLA $SPY",TigerWolfCap,wall st,2022-06-28 12:24:53+00:00
RT @CP___TT: Here are some common chart patterns on both the bullish and bearish sides. Think this is overall a cool chart I thought I‚Äôd sh‚Ä¶,gaganNS2210,"Mississauga, Ontario",2022-06-28 12:20:20+00:00
RT @CP___TT: Here are some common chart patterns on both the bullish and bearish sides. Think this is overall a cool chart I thought I‚Äôd sh‚Ä¶,justiceobilor,The Netherlands,2022-06-28 12:12:54+00:00
RT @CP___TT: Here are some common chart patterns on both the bullish and bearish sides. Think this is overall a cool chart I thought I‚Äôd sh‚Ä¶,Jalen26439178,,2022-06-28 12:05:48+00:00
RT @CP___TT: Here are some common chart patterns on both the bullish and bearish sides. Think this is overall a cool chart I thought I‚Äôd sh‚Ä¶,Fletchtweety,Ontario,2022-06-28 12:04:37+00:00
RT @CP___TT: Here are some common chart patterns on both the bullish and bearish sides. Think this is overall a cool chart I thought I‚Äôd sh‚Ä¶,MakTraded,"Calgary, Alberta",2022-06-28 12:02:29+00:00
RT @CP___TT: Here are some common chart patterns on both the bullish and bearish sides. Think this is overall a cool chart I thought I‚Äôd sh‚Ä¶,TheFerg90,,2022-06-28 11:59:05+00:00
"Play ideas on $SPY today:

Bullish: Confirmation over $390.78, targets are $393.05 and $394.74

Bearish: Confirmati‚Ä¶ https://t.co/qKDRfWv4ql",CapitalGainz5,"Texas, USA",2022-06-28 11:58:03+00:00
RT @CP___TT: Here are some common chart patterns on both the bullish and bearish sides. Think this is overall a cool chart I thought I‚Äôd sh‚Ä¶,Decadent_David,"Philadelphia, The Main Line",2022-06-28 11:42:58+00:00
RT @CP___TT: Here are some common chart patterns on both the bullish and bearish sides. Think this is overall a cool chart I thought I‚Äôd sh‚Ä¶,Jaymogul_,"New York, USA",2022-06-28 11:38:48+00:00
RT @CP___TT: Here are some common chart patterns on both the bullish and bearish sides. Think this is overall a cool chart I thought I‚Äôd sh‚Ä¶,xyopapi,,2022-06-28 11:34:53+00:00
RT @CP___TT: Here are some common chart patterns on both the bullish and bearish sides. Think this is overall a cool chart I thought I‚Äôd sh‚Ä¶,DAWS21169757,,2022-06-28 11:34:22+00:00
RT @CP___TT: Here are some common chart patterns on both the bullish and bearish sides. Think this is overall a cool chart I thought I‚Äôd sh‚Ä¶,Syntheto1,Home,2022-06-28 11:27:06+00:00
RT @CP___TT: Here are some common chart patterns on both the bullish and bearish sides. Think this is overall a cool chart I thought I‚Äôd sh‚Ä¶,HicksChiroprac1,,2022-06-28 11:24:33+00:00
RT @CP___TT: Here are some common chart patterns on both the bullish and bearish sides. Think this is overall a cool chart I thought I‚Äôd sh‚Ä¶,Ag42530382A,,2022-06-28 11:09:58+00:00
RT @CP___TT: Here are some common chart patterns on both the bullish and bearish sides. Think this is overall a cool chart I thought I‚Äôd sh‚Ä¶,brian_lyncook,"Austin, TX",2022-06-28 11:06:33+00:00
RT @CP___TT: Here are some common chart patterns on both the bullish and bearish sides. Think this is overall a cool chart I thought I‚Äôd sh‚Ä¶,WsArab,,2022-06-28 10:55:24+00:00
RT @CP___TT: Here are some common chart patterns on both the bullish and bearish sides. Think this is overall a cool chart I thought I‚Äôd sh‚Ä¶,HonchoBet,"New York, NY",2022-06-28 10:49:18+00:00
RT @CP___TT: Here are some common chart patterns on both the bullish and bearish sides. Think this is overall a cool chart I thought I‚Äôd sh‚Ä¶,elevelen11,,2022-06-28 10:45:28+00:00
RT @CP___TT: Here are some common chart patterns on both the bullish and bearish sides. Think this is overall a cool chart I thought I‚Äôd sh‚Ä¶,TT_TarikToprak,"Istanbul, Turkey",2022-06-28 10:33:39+00:00
RT @CP___TT: Here are some common chart patterns on both the bullish and bearish sides. Think this is overall a cool chart I thought I‚Äôd sh‚Ä¶,huichen69633364,,2022-06-28 10:29:29+00:00
RT @CP___TT: Here are some common chart patterns on both the bullish and bearish sides. Think this is overall a cool chart I thought I‚Äôd sh‚Ä¶,rally0111,,2022-06-28 10:22:43+00:00
RT @CP___TT: Here are some common chart patterns on both the bullish and bearish sides. Think this is overall a cool chart I thought I‚Äôd sh‚Ä¶,BR0BOKEN,Hoboken/Jersey City,2022-06-28 10:19:58+00:00
RT @CP___TT: Here are some common chart patterns on both the bullish and bearish sides. Think this is overall a cool chart I thought I‚Äôd sh‚Ä¶,AdrisCelms,,2022-06-28 10:19:10+00:00
RT @CP___TT: Here are some common chart patterns on both the bullish and bearish sides. Think this is overall a cool chart I thought I‚Äôd sh‚Ä¶,venky_venky_hou,"Houston, TX üá∫üá∏",2022-06-28 10:18:59+00:00
RT @CP___TT: Here are some common chart patterns on both the bullish and bearish sides. Think this is overall a cool chart I thought I‚Äôd sh‚Ä¶,Hisonstrades,,2022-06-28 10:09:02+00:00
RT @CP___TT: Here are some common chart patterns on both the bullish and bearish sides. Think this is overall a cool chart I thought I‚Äôd sh‚Ä¶,WKroeschell,,2022-06-28 09:50:40+00:00
RT @CP___TT: Here are some common chart patterns on both the bullish and bearish sides. Think this is overall a cool chart I thought I‚Äôd sh‚Ä¶,EricVazq1,United States,2022-06-28 09:45:44+00:00
RT @CP___TT: Here are some common chart patterns on both the bullish and bearish sides. Think this is overall a cool chart I thought I‚Äôd sh‚Ä¶,sam28730554,"Summerville, SC",2022-06-28 09:44:43+00:00
RT @CP___TT: Here are some common chart patterns on both the bullish and bearish sides. Think this is overall a cool chart I thought I‚Äôd sh‚Ä¶,AngelaR111111,,2022-06-28 09:43:08+00:00
RT @CP___TT: Here are some common chart patterns on both the bullish and bearish sides. Think this is overall a cool chart I thought I‚Äôd sh‚Ä¶,stocksurfing,,2022-06-28 09:30:29+00:00
RT @CP___TT: Here are some common chart patterns on both the bullish and bearish sides. Think this is overall a cool chart I thought I‚Äôd sh‚Ä¶,Liana98859961,,2022-06-28 08:51:20+00:00
RT @CP___TT: Here are some common chart patterns on both the bullish and bearish sides. Think this is overall a cool chart I thought I‚Äôd sh‚Ä¶,NishaLaaureeen,,2022-06-28 08:47:31+00:00
RT @CP___TT: Here are some common chart patterns on both the bullish and bearish sides. Think this is overall a cool chart I thought I‚Äôd sh‚Ä¶,sloopfissy,,2022-06-28 08:25:51+00:00
RT @CP___TT: Here are some common chart patterns on both the bullish and bearish sides. Think this is overall a cool chart I thought I‚Äôd sh‚Ä¶,BigDickBlack,,2022-06-28 08:03:07+00:00
RT @CP___TT: Here are some common chart patterns on both the bullish and bearish sides. Think this is overall a cool chart I thought I‚Äôd sh‚Ä¶,MarketFisherma1,"San Jose, CA",2022-06-28 08:01:42+00:00
RT @CP___TT: Here are some common chart patterns on both the bullish and bearish sides. Think this is overall a cool chart I thought I‚Äôd sh‚Ä¶,princecrypto9,United States,2022-06-28 07:31:53+00:00
RT @CP___TT: Here are some common chart patterns on both the bullish and bearish sides. Think this is overall a cool chart I thought I‚Äôd sh‚Ä¶,HenryThe24th,"Los Angeles, CA",2022-06-28 07:26:42+00:00
RT @CP___TT: Here are some common chart patterns on both the bullish and bearish sides. Think this is overall a cool chart I thought I‚Äôd sh‚Ä¶,bennymarket6,,2022-06-28 06:51:33+00:00
RT @CP___TT: Here are some common chart patterns on both the bullish and bearish sides. Think this is overall a cool chart I thought I‚Äôd sh‚Ä¶,InvestSir,,2022-06-28 06:31:43+00:00
RT @CP___TT: Here are some common chart patterns on both the bullish and bearish sides. Think this is overall a cool chart I thought I‚Äôd sh‚Ä¶,Erick94761983,,2022-06-28 06:30:11+00:00
RT @CP___TT: Here are some common chart patterns on both the bullish and bearish sides. Think this is overall a cool chart I thought I‚Äôd sh‚Ä¶,SunDevilAZ99,"Arizona, USA",2022-06-28 06:29:23+00:00
RT @CP___TT: Here are some common chart patterns on both the bullish and bearish sides. Think this is overall a cool chart I thought I‚Äôd sh‚Ä¶,Mimigold26,,2022-06-28 06:27:29+00:00
RT @CP___TT: Here are some common chart patterns on both the bullish and bearish sides. Think this is overall a cool chart I thought I‚Äôd sh‚Ä¶,DavidYordan777,"Kota Surabaya, Jawa Timur",2022-06-28 06:18:55+00:00
RT @CP___TT: Here are some common chart patterns on both the bullish and bearish sides. Think this is overall a cool chart I thought I‚Äôd sh‚Ä¶,IllanVargas,,2022-06-28 06:13:19+00:00
RT @CP___TT: Here are some common chart patterns on both the bullish and bearish sides. Think this is overall a cool chart I thought I‚Äôd sh‚Ä¶,Mr_Mike_9,"Washington, DC",2022-06-28 06:05:55+00:00
RT @CP___TT: Here are some common chart patterns on both the bullish and bearish sides. Think this is overall a cool chart I thought I‚Äôd sh‚Ä¶,benbelgica,Ghent - Belgium,2022-06-28 05:27:51+00:00
RT @CP___TT: Here are some common chart patterns on both the bullish and bearish sides. Think this is overall a cool chart I thought I‚Äôd sh‚Ä¶,HexMachineV2b,straya,2022-06-28 05:23:02+00:00
RT @CP___TT: Here are some common chart patterns on both the bullish and bearish sides. Think this is overall a cool chart I thought I‚Äôd sh‚Ä¶,LordCoin,Sweden,2022-06-28 05:07:45+00:00
RT @CP___TT: Here are some common chart patterns on both the bullish and bearish sides. Think this is overall a cool chart I thought I‚Äôd sh‚Ä¶,Gambiste1,,2022-06-28 05:00:27+00:00
RT @CP___TT: Here are some common chart patterns on both the bullish and bearish sides. Think this is overall a cool chart I thought I‚Äôd sh‚Ä¶,mrboro615,Suge Avery's House,2022-06-28 04:54:57+00:00
RT @CP___TT: Here are some common chart patterns on both the bullish and bearish sides. Think this is overall a cool chart I thought I‚Äôd sh‚Ä¶,Barchart,"Chicago, IL",2022-06-28 04:54:31+00:00
RT @CP___TT: Here are some common chart patterns on both the bullish and bearish sides. Think this is overall a cool chart I thought I‚Äôd sh‚Ä¶,AlecCurtis07,,2022-06-28 03:54:29+00:00
@alllSevens not sure about that. flow is bullish for baba (a chinese stock that does not follow spy whatsoever espe‚Ä¶ https://t.co/zUJh1d9rR2,Edward48053419,,2022-06-28 03:02:04+00:00
RT @CP___TT: Here are some common chart patterns on both the bullish and bearish sides. Think this is overall a cool chart I thought I‚Äôd sh‚Ä¶,DarthTraderLLC,"Oklahoma City, OK",2022-06-28 02:52:23+00:00
RT @CP___TT: Here are some common chart patterns on both the bullish and bearish sides. Think this is overall a cool chart I thought I‚Äôd sh‚Ä¶,ToryGainez,"New York, USA",2022-06-28 02:10:12+00:00
RT @CP___TT: Here are some common chart patterns on both the bullish and bearish sides. Think this is overall a cool chart I thought I‚Äôd sh‚Ä¶,bobblehead84,,2022-06-28 01:56:05+00:00
RT @CP___TT: Here are some common chart patterns on both the bullish and bearish sides. Think this is overall a cool chart I thought I‚Äôd sh‚Ä¶,StonkSleeper,"Bangkok Yai, Bangkok",2022-06-28 01:42:48+00:00
Here are some common chart patterns on both the bullish and bearish sides. Think this is overall a cool chart I tho‚Ä¶ https://t.co/yUkjsGQemg,CP___TT,üá∫üá∏ ,2022-06-27 23:44:07+00:00
1) $AMC $GME $IWM $SPY: Spinning Top on #SPY; consolidation. Bearish Doji Star on $IWM; statistically is 69%‚Ä¶ https://t.co/rAFnQvZ5ix,StockEdMarket09,"Austin, TX",2022-06-27 23:10:29+00:00
"RT @nopecharts: How'd NOPE do on $SPY today?

- 7 Bullish Signals alerted. 5 / 7 üéØ successful.
- 5 Bearish Signal alerted. 4 / 5 üéØ successf‚Ä¶",StringerHolding,"Toronto, Canada",2022-06-27 22:49:38+00:00
"RT @SwingTradeBot: Tonight's scans: 54% bullish, 45% bearish. Top 2: Non-ADX 1,2,3,4 Bearish &amp; MACD Bullish Signal Line Cross $SPY $QQQ $ST‚Ä¶",AlertTrade,,2022-06-27 22:36:04+00:00
No reason to bearish on #SPY just yet nor bullish. Waiting for confirmation to give clearer direction. https://t.co/Ws4nnc4gay,Picstocktrading,,2022-06-27 22:24:19+00:00
"RT @nopecharts: How'd NOPE do on $SPY today?

- 7 Bullish Signals alerted. 5 / 7 üéØ successful.
- 5 Bearish Signal alerted. 4 / 5 üéØ successf‚Ä¶",unusual_whales,,2022-06-27 22:21:09+00:00
"Tonight's scans: 54% bullish, 45% bearish. Top 2: Non-ADX 1,2,3,4 Bearish &amp; MACD Bullish Signal Line Cross $SPY‚Ä¶ https://t.co/nJ1Ht19MHj",SwingTradeBot,,2022-06-27 21:37:17+00:00
Monday Stock Market Recap: Bullish Alerts:Bearish Alerts 2805:2386 $SPY $QQQ $STUDY https://t.co/jDfB3omYpK,SwingTradeBot,,2022-06-27 21:28:22+00:00
"Major Levels 6/28 Watchlist:

SPY:
Bullish: 390 - 392.94 (PM high)
Bearish: Below 387.51

QQQ:
Bullish: 295 - 297.8‚Ä¶ https://t.co/skp2zNuHJe",DWadeC1,,2022-06-27 20:50:30+00:00
"How'd NOPE do on $SPY today?

- 7 Bullish Signals alerted. 5 / 7 üéØ successful.
- 5 Bearish Signal alerted. 4 / 5 üéØ‚Ä¶ https://t.co/jkmPXiMsUf",nopecharts,,2022-06-27 20:38:52+00:00
The multibillion-dollar hedge fund managers @WhitneyTilson has spoken with in the past wk are universally bearish a‚Ä¶ https://t.co/TR7B5yMdcG,EmpireResearch,"New York, NY",2022-06-27 17:25:21+00:00
"/ES : the line is 3900 to determine my bias for the day. In shades of gradient, above is bullish, below is bearish.‚Ä¶ https://t.co/dtk9gTgrgm",BlueChipBullDog,"Manhattan, New York City",2022-06-27 16:44:41+00:00
"Before yesterday, we had a blue bullish false breakout to the downside. But yesterday, it went clearly back below b‚Ä¶ https://t.co/YVsgZItSS3",whinerCetid800,Toluca,2022-06-27 16:21:15+00:00
"RT @PointBlank_Algo: #Cboe Daily Market Statistics

‚Ä¢Equity calls outpace puts by 46.89% (Bullish)
‚Ä¢VIX calls more than double puts (Protec‚Ä¶",Qlabe1,"Bengaluru, India",2022-06-27 15:56:29+00:00
"#Cboe Daily Market Statistics

‚Ä¢Equity calls outpace puts by 46.89% (Bullish)
‚Ä¢VIX calls more than double puts (Pro‚Ä¶ https://t.co/IPiYp7NN6A",PointBlank_Algo,Earth,2022-06-27 15:08:14+00:00
RT @TheWuhanClan: China says another 5 years of ‚ÄúZero Covid‚Äù extremely bearish for global supply chains &amp; bullish long term inflation.  $sp‚Ä¶,Til1988,,2022-06-27 14:47:23+00:00
China says another 5 years of ‚ÄúZero Covid‚Äù extremely bearish for global supply chains &amp; bullish long term inflation‚Ä¶ https://t.co/aku5Uzo09R,TheWuhanClan,Mandate of Heaven,2022-06-27 14:47:11+00:00
"RT @MrBooksy: #AMC TA for the week was done in the video last night. 
https://t.co/lwSlgpsFha

Key levels, short term bearish/bullish proba‚Ä¶",RealOZ22,,2022-06-27 13:58:45+00:00
"#AMC TA for the week was done in the video last night. 
https://t.co/lwSlgpsFha

Key levels, short term bearish/bul‚Ä¶ https://t.co/LdpUJOP7by",MrBooksy,,2022-06-27 13:55:44+00:00
"RT @S3NSF: $SPY OPEC this week, currently Gap filled. Bullish on 392.5 Breakout to 394 - 396 - 398.5. Bearish on 388 Breakdown to 386.5 - 3‚Ä¶",alerts_real,,2022-06-27 13:54:44+00:00
"$SPY OPEC this week, currently Gap filled. Bullish on 392.5 Breakout to 394 - 396 - 398.5. Bearish on 388 Breakdown‚Ä¶ https://t.co/PN47sUiYDw",S3NSF,,2022-06-27 13:46:53+00:00
"RT @techoptrader: $KWEB  #KWEB  
Short Term bullish above $35.11  Target is $39.93

however, volume is decreasing 

Bearish below $30.00‚Ä¶",Qlabe1,"Bengaluru, India",2022-06-27 13:36:17+00:00
"#stonksteam Monday
#ewave by T.L.
$spy $spx #futures 
3950 then profit taking on tuesday?
bullish and bearish outco‚Ä¶ https://t.co/IDyfJc3iNN",stonksrus,"On the Mississippi, USA",2022-06-27 13:32:26+00:00
"$KWEB  #KWEB  
Short Term bullish above $35.11  Target is $39.93

however, volume is decreasing 

Bearish below $30‚Ä¶ https://t.co/O4q90WStDZ",techoptrader,Toronto,2022-06-27 13:25:52+00:00
"$SPY 2 gap-up last week. Bad sign for rally to continue on July unless:

Bullish case: Pullback and fill two bull g‚Ä¶ https://t.co/ReH4WTnh5A",ClaymmorezChart,,2022-06-27 11:58:54+00:00
"11% of S&amp;P 500 stocks are in bullish trends = bearish + improving. Taking a look at weekly S&amp;P 500, Gold and Bitcoi‚Ä¶ https://t.co/Zer0jtq5IX",lunatictrader1,,2022-06-27 07:14:59+00:00
"@Remtac870 As of now Spy futures are at 393. We can continue bullish to 417, and still be in a bearish downtrend. I‚Ä¶ https://t.co/2w3V7HRKXR",The0verLook,"333 E Wonderview Ave, Co ",2022-06-27 03:49:51+00:00
"Wave (4) is still looking pretty, have been looking for a re-entry at these lvls, eyeing the August puts, still nee‚Ä¶ https://t.co/57ICSHoxAt",Elsberry9,Dream kill,2022-06-27 03:32:56+00:00
"@alexothemagnif1 $AAPL is $SPY 

ü§£ü§£

I swear every time I‚Äôm like ok I‚Äôll take calls in $AAPL and not $SPY ;
$SPY co‚Ä¶ https://t.co/7DtnPGk9KV",alllSevens,Financial Markets,2022-06-27 02:59:38+00:00
RT @WolfOfWeedST: U do realize that the businesses and capital markets are two completely seperate entities right? U can‚Äôt be Bearish $spx‚Ä¶,sandyorgn,"Sandy, OR",2022-06-27 00:31:36+00:00
RT @WolfOfWeedST: U do realize that the businesses and capital markets are two completely seperate entities right? U can‚Äôt be Bearish $spx‚Ä¶,WeedStreet420,Canada,2022-06-26 19:50:41+00:00
U do realize that the businesses and capital markets are two completely seperate entities right? U can‚Äôt be Bearish‚Ä¶ https://t.co/bxNY0SnmOy,WolfOfWeedST,"Florida, USA",2022-06-26 19:04:32+00:00
Liking $XBI a lot. Institutional accumulation is definitely prevalent in the $80‚Äôs. Waiting for a better bottom.‚Ä¶ https://t.co/FnBIPvrba1,GrE3kTrader,"Pittsburgh, PA",2022-06-26 18:06:56+00:00
"@unusual_whales Spy is it bearish or bullish for 15 July expiry , please thanks",RAWAGENT7,Everywhere ,2022-06-26 17:30:52+00:00
Bearish or bullish this week? #spy,RaderTrader101,"Ohio, USA",2022-06-26 14:50:41+00:00
"$SPY
Now above 5MA. If wanna short, better wait til 5day MA slows down. 20 &amp; 50 day MA at 392.6 &amp; 404.2. 100week MA‚Ä¶ https://t.co/GWTA6CtR6B",astrinvestor,Moon,2022-06-26 07:11:22+00:00
$SPY Bullish or Bearish Next week,StellarLytics,Stellar Analytics,2022-06-26 04:29:40+00:00
"Imo Going Into Next Week, We Will Begin To Test Either 385 Or 395 Levels. Whether That Would Be An Uptrend Movement‚Ä¶ https://t.co/Qs40eSSSEm",bayareabandit,"San Francisco, CA",2022-06-26 03:02:52+00:00
"RT @ISABELNET_SA: üá∫üá∏ NAAIM

The NAAIM Exposure Index stands at 19.86%. NAAIM members are very bearish
üëâ https://t.co/jJ1iAXzd0Y  

#NAAIM #‚Ä¶",225talife,Êó•Êú¨,2022-06-26 01:39:14+00:00
"$SPY $SPX $ES_F 

Thinking we consolidate/bullish Monday-Wednesday then can go bearish rest of week‚Ä¶

Possibly even‚Ä¶ https://t.co/JBITKzeAZN",BullTradeFinder,United States,2022-06-26 01:17:05+00:00
"RT @ISABELNET_SA: üá∫üá∏ NAAIM

The NAAIM Exposure Index stands at 19.86%. NAAIM members are very bearish
üëâ https://t.co/jJ1iAXzd0Y  

#NAAIM #‚Ä¶",FordWealth,"New York, USA",2022-06-25 10:17:58+00:00
"RT @ISABELNET_SA: üá∫üá∏ NAAIM

The NAAIM Exposure Index stands at 19.86%. NAAIM members are very bearish
üëâ https://t.co/jJ1iAXzd0Y  

#NAAIM #‚Ä¶",valionx13,Planet Earth,2022-06-25 07:33:32+00:00
"RT @ISABELNET_SA: üá∫üá∏ NAAIM

The NAAIM Exposure Index stands at 19.86%. NAAIM members are very bearish
üëâ https://t.co/jJ1iAXzd0Y  

#NAAIM #‚Ä¶",SaryayMakineYay,"ƒ∞stanbul, T√ºrkiye",2022-06-25 07:28:06+00:00
"RT @ISABELNET_SA: üá∫üá∏ NAAIM

The NAAIM Exposure Index stands at 19.86%. NAAIM members are very bearish
üëâ https://t.co/jJ1iAXzd0Y  

#NAAIM #‚Ä¶",ISABELNET_SA,Luxembourg,2022-06-25 07:26:39+00:00
Made the call and what a swing. Now that the gap was filled we must be nimble at these levels. I expect some sidewa‚Ä¶ https://t.co/ECbkFCHZzC,CryptoTakeshiXo,"San Francisco, CA",2022-06-25 06:04:40+00:00
"RT @ISABELNET_SA: üá∫üá∏ NAAIM

The NAAIM Exposure Index stands at 19.86%. NAAIM members are very bearish
üëâ https://t.co/jJ1iAXzd0Y  

#NAAIM #‚Ä¶",NJINJINJI,Êù±‰∫¨ÈÉΩ‰∏≠Â§ÆÂå∫Êó•Êú¨Ê©ãËåÖÂ†¥Áî∫„ÄÅÂÖúÁî∫„Çí‰∏≠ÂøÉ„Å´Ê∏ØÂå∫„ÄÅÊ∏ãË∞∑„ÄÅÊñ∞ÂÆø„ÄÇ,2022-06-25 04:10:16+00:00
"How'd NOPE do on $SPY today?

- No bullish/bearish signals
- Starting NOPE today @ about -65
- Closing NOPE today @‚Ä¶ https://t.co/FyAJ8qsRlC",nopecharts,,2022-06-25 01:35:05+00:00
"RT @SwingTradeBot: Tonight's scans: 59% bullish, 40% bearish. Top 2: Non-ADX 1,2,3,4 Bearish &amp; Pocket Pivot $SPY $QQQ $STUDY https://t.co/i‚Ä¶",AlertTrade,,2022-06-24 22:35:03+00:00
"Tonight's scans: 59% bullish, 40% bearish. Top 2: Non-ADX 1,2,3,4 Bearish &amp; Pocket Pivot $SPY $QQQ $STUDY https://t.co/iaZygyDgaD",SwingTradeBot,,2022-06-24 21:38:32+00:00
Friday Stock Market Recap: Bullish Alerts:Bearish Alerts 3325:2249 $SPY $QQQ $STUDY https://t.co/jDfB3omYpK,SwingTradeBot,,2022-06-24 21:28:37+00:00
The market bottom isn't in yet. I've been bullish on the $SPY to 400 +- 3% then I turn bearish. NFA,Tcozze508,York pa,2022-06-24 20:50:09+00:00
Decent end to the week. I'm still bullish short term. Too much bearish sentiment. Still expecting $SPY 400-411. May‚Ä¶ https://t.co/ZAByzCuh7W,GRCapital4,,2022-06-24 20:07:58+00:00
RT @marcchaikin: Quad futures and options expiration is normally bullish for $SPY‚Ä¶todays downside reversal confirms our bearish view‚Ä¶we may‚Ä¶,SirGentleFloat,,2022-06-24 19:45:48+00:00
@hmeisler Hard to be bearish or bullish for me lol thought this gap would be an easy fill but spy just flattened fo‚Ä¶ https://t.co/vEYDFGQG2S,MakeshiftStonks,,2022-06-24 19:39:47+00:00
RT @MrTopStep: $ES $SPY  Bullish or Bearish?,Incdpd2,,2022-06-24 19:36:31+00:00
$ES $SPY  Bullish or Bearish?,MrTopStep,"Chicago, IL",2022-06-24 19:33:54+00:00
"$SPY #SPY Options flow price levels. üí≤ Once again, total premium traded at each strike. Here, green is bullish, red‚Ä¶ https://t.co/fzIKQ47wd5",ShadowOptions,,2022-06-24 15:06:28+00:00
$SPY super nice pump by bulltards. remember to short every pump. guarantee money. today is Friday its done for the‚Ä¶ https://t.co/lGjmBINzgs,TuanmudaJul,"ATLANTA, GA üá∫üá∏",2022-06-24 14:53:44+00:00
"RT @ProTrader_Vini: $SPY TW0E Numbers &amp; Game Plan: As expected gap above $380. Pre-market 381.15

One number for today: 378.84 (ES 3800)

B‚Ä¶",FlexOniHub,,2022-06-24 14:31:39+00:00
This rally has a lot more bearish flow than bullish. Take care $SPY $ES $SPX https://t.co/t9SsTx8X9Z,Mich3alJ,,2022-06-24 14:24:00+00:00
"RT @4xForecaster: $VIX (Volatility S&amp;P 500 Index, CBOE):

- ST: unchanged bearish forecast 
- MT: bearish, still eyeing &lt;8.55
- LT: bullish‚Ä¶",Raju_Singh_IN,"Mumbai, India",2022-06-24 13:59:51+00:00
"Furu relaxandstack tweeted about $spy at stock price 383.73$!

Tweet: RT @beach_trades: Take a breathe and understa‚Ä¶ https://t.co/bCmvV3T9yX",furubacktest,"New York, USA",2022-06-24 13:58:13+00:00
"RT @beach_trades: Take a breathe and understand this...one can or may be  bearish $spy in short term but bullish small caps as well, this i‚Ä¶",RelaxAndStack,Gap City,2022-06-24 13:58:07+00:00
"$VIX (Volatility S&amp;P 500 Index, CBOE):

- ST: unchanged bearish forecast 
- MT: bearish, still eyeing &lt;8.55
- LT: b‚Ä¶ https://t.co/8nFi9ni8qr",4xForecaster,"Durango, CO",2022-06-24 13:57:31+00:00
"RT @Zen_Trades1: Some #hopium

Oil breaking short term trend line, heading for test of major trend line

DXY bearish divergences appearing‚Ä¶",AbdiRah86038477,,2022-06-24 13:27:29+00:00
"$SPY. Consider both, bullish and bearish scenario. https://t.co/jqXxL2RVjm",rcedron,"Ciutadella de Menorca, Espa√±a",2022-06-24 12:47:13+00:00
"$SPY TW0E Numbers &amp; Game Plan: As expected gap above $380. Pre-market 381.15

One number for today: 378.84 (ES 3800‚Ä¶ https://t.co/d3Nl4CiIHG",ProTrader_Vini,United States of America,2022-06-24 12:46:56+00:00
"RT @ISABELNET_SA: üá∫üá∏ NAAIM

The NAAIM Exposure Index stands at 19.86%. NAAIM members are very bearish
üëâ https://t.co/jJ1iAXzd0Y  

#NAAIM #‚Ä¶",TradewellMRKT,US,2022-06-24 12:32:00+00:00
"RT @ISABELNET_SA: üá∫üá∏ NAAIM

The NAAIM Exposure Index stands at 19.86%. NAAIM members are very bearish
üëâ https://t.co/jJ1iAXzd0Y  

#NAAIM #‚Ä¶",ken_greedypig,,2022-06-24 11:19:14+00:00
"RT @ISABELNET_SA: üá∫üá∏ NAAIM

The NAAIM Exposure Index stands at 19.86%. NAAIM members are very bearish
üëâ https://t.co/jJ1iAXzd0Y  

#NAAIM #‚Ä¶",TeslaAgnostic,Germany,2022-06-24 11:15:16+00:00
"RT @ISABELNET_SA: üá∫üá∏ NAAIM

The NAAIM Exposure Index stands at 19.86%. NAAIM members are very bearish
üëâ https://t.co/jJ1iAXzd0Y  

#NAAIM #‚Ä¶",ZoZoStockwatch,https://thetradexchange.com,2022-06-24 11:11:36+00:00
"üá∫üá∏ NAAIM

The NAAIM Exposure Index stands at 19.86%. NAAIM members are very bearish
üëâ https://t.co/jJ1iAXzd0Y‚Ä¶ https://t.co/8eavL4WYRv",ISABELNET_SA,Luxembourg,2022-06-24 11:11:15+00:00
#TradingView As Expected a Sideways/higher TYPE #StockMarketüëáBelow Ritzholtz CEO WENT BEARISH January 7th to BULLIS‚Ä¶ https://t.co/229hKORfqU,CFPStrategist4U,StockMarketKnowledgeOPINIONSüëá,2022-06-24 11:10:00+00:00
"What‚Äôs a move you regret making this week? For me: not going heavier on $XBI calls, and buying $HOOD instead of‚Ä¶ https://t.co/uXYTV2Ubuu",kaitduffy,Manhattan,2022-06-24 10:44:18+00:00
"$SPY  above 384 is bullish and below 384 bearish.
I think spy will 384 and Nasdaq heading to 11900 üòÄ",sebrobitaille99,"Mapple Valley, WA",2022-06-24 10:29:50+00:00
"Banks stress test passed and we are gapping up.

Do you feel bullish or bearish today?

$spy $qqq $nke $upst $mu‚Ä¶ https://t.co/1ycydC6kES",JohannesGH,"Miami, FL",2022-06-24 08:06:16+00:00
"$ES_F $SPX $SPY
I see bullish and bearish setup at the same time üòÖ Rising wedge or inverse H&amp;S? https://t.co/Eb0xMaOcOk",astrinvestor,Moon,2022-06-24 04:52:33+00:00
"RT @AllenBuyverson: For anyone that cares, I am currently still bearish while SPY respects the channel. This is what I'm seeing, along with‚Ä¶",Moe_Mamba_,"Houston, TX",2022-06-24 04:07:59+00:00
"For anyone that cares, I am currently still bearish while SPY respects the channel. This is what I'm seeing, along‚Ä¶ https://t.co/SXGX5ROGIm",AllenBuyverson,"Houston, TX",2022-06-24 03:47:36+00:00
"$SPY bearish under 370, bullish over 380 

Bearish scenario quick trip to 351

Bullish scenario possible 401 upside‚Ä¶ https://t.co/eIxwj2xJIJ",JonathanClamp1,"Brevard, NC",2022-06-24 02:07:51+00:00
"$SPY how and the hell is anyone supposed to know what to do. I look and everyone says OMG bearish puts all day, 5 m‚Ä¶ https://t.co/ap83fV3blw",MonishaBalaji1,"East Brunswick, NJ",2022-06-24 01:48:35+00:00
"RT @lumiloz: SENTIMENT shift $SPY $QQQ 
Bearish options bets exceed bullish ones for the first time since 2020 https://t.co/87UzDty0kc",AMCGuy1,,2022-06-24 00:53:24+00:00
"SENTIMENT shift $SPY $QQQ 
Bearish options bets exceed bullish ones for the first time since 2020 https://t.co/87UzDty0kc",lumiloz,,2022-06-24 00:51:51+00:00
"$SPY it‚Äôs ok to be bearish or bullish, just don‚Äôt be bagholder Ô∏è",TsaoKeng,"Boulder, CO",2022-06-23 23:47:00+00:00
"$SPY Better yet, wager all your money through me, I will make sure you are not insulted for being bearish or bullish. ü™Ñ",meggie10oct,"Zumbrota, MN",2022-06-23 23:36:28+00:00
@CoreTennis2 $CADOW is divergent to downside. It was still in a late stage bullish base until US markets broke hard‚Ä¶ https://t.co/t61Qn33LXG,hammertrades18,"Denver, CO",2022-06-23 23:35:51+00:00
"$SPY if being perma bearish or bullish could make us rich , I would have worn transparent yoga pants everywhere. üåü",lyke_j,"Gray, LA üá∫üá∏üá∫üá∏üá∫üá∏",2022-06-23 23:09:20+00:00
Markets have showed some #bullish signs lately but back-tested data seems to suggest that it could be temporary.‚Ä¶ https://t.co/Pc1GQsMvbu,StormIQ5,California,2022-06-23 23:07:42+00:00
"Take a breathe and understand this...one can or may be  bearish $spy in short term but bullish small caps as well,‚Ä¶ https://t.co/JujlCOyuxz",beach_trades,NYC,2022-06-23 22:51:58+00:00
"RT @SwingTradeBot: Tonight's scans: 56% bullish, 43% bearish. Top 2: Non-ADX 1,2,3,4 Bearish &amp; Pocket Pivot $SPY $QQQ $STUDY https://t.co/i‚Ä¶",AlertTrade,,2022-06-23 22:40:06+00:00
"Spy Above 380-381 bullish. If it rejects here, bearish. For tomorrow",ScalperSquirrel,"California, USA",2022-06-23 22:25:02+00:00
"Tonight's scans: 56% bullish, 43% bearish. Top 2: Non-ADX 1,2,3,4 Bearish &amp; Pocket Pivot $SPY $QQQ $STUDY https://t.co/iaZygyDgaD",SwingTradeBot,,2022-06-23 21:39:19+00:00
Thursday Stock Market Recap: Bullish Alerts:Bearish Alerts 2678:2089 $SPY $QQQ $STUDY https://t.co/jDfB3omYpK,SwingTradeBot,,2022-06-23 21:28:54+00:00
"RT @nopecharts: How'd NOPE do on $SPY today?

- No bullish/bearish signals
- Tons of NOPE violations (white squares)
- Starting NOPE today‚Ä¶",SPW7505,"Irvine, CA",2022-06-23 21:20:05+00:00
"How'd NOPE do on $SPY today?

- No bullish/bearish signals
- Tons of NOPE violations (white squares)
- Starting NOP‚Ä¶ https://t.co/SfXf7gGHsa",nopecharts,,2022-06-23 21:14:28+00:00
SPY daily formed a bearish high so there's significant resistance at 379~380. this is a second warning signal. has‚Ä¶ https://t.co/rt0aTRh3ar,PhoMagi,,2022-06-23 20:00:19+00:00
@KessInvesting How do you know if it's bullish for spy or bearish for qqq?,Bobby_Grimshaw,,2022-06-23 19:42:30+00:00
"$SPY I see spy going to $388, then an epic rug pull bullish then bearish. Tesla to $783. Ô∏è",agautam983,"Homewood, AL",2022-06-23 19:23:44+00:00
"RT @APE8FUNGUS: Top is in for the market roughly 1030 tomorrow

#GANN 

#BEARISH 

#DJX #SPX #RUT #NDX $DIA $SPY $IWM $QQQ

#BULLISH 

@Gam‚Ä¶",APE8FUNGUS,,2022-06-23 19:07:36+00:00
"Top is in for the market roughly 1030 tomorrow

#GANN 

#BEARISH 

#DJX #SPX #RUT #NDX $DIA $SPY $IWM $QQQ‚Ä¶ https://t.co/Te3ATvc5H0",APE8FUNGUS,,2022-06-23 19:07:06+00:00
"@nopecharts Nice! Will the bearish/bullish indicators be on the charts as well, or just for SPY &amp; QQQ?",whoknow64306533,,2022-06-23 18:52:13+00:00
fedex earnings bullish üü¢or bearish ü©∏ $fdx $spy,Rob__stone,,2022-06-23 18:29:44+00:00
"I'm not surprised Markets are choppy:

Trend is down (Bearish)
Rates are down (Bullish)
Oil Down (Bullish)
Fed Stay‚Ä¶ https://t.co/pZwxT89f3B",ExecutiveBuying,New Jersey,2022-06-23 16:30:35+00:00
"Looks like a descending triangle, but remember always respect the longer charts, 1 hour mac d indicates very large‚Ä¶ https://t.co/UmJxfO5ham",Kal46502093,,2022-06-23 14:54:49+00:00
$SPY JP bullish or bearish?? ‚è©,ZCNB0jB78GHKAG7,"Tigard, OR üá∫üá∏",2022-06-23 14:20:37+00:00
$spy 2 hour looks bullish. Smaller time frames are bearish. Possibly a c&amp;h here,ByeFunds,,2022-06-23 14:17:40+00:00
$SPY economists finally get bearish.. now the time to get bullish? Ô∏è,SeanMah62409870,"VISTA, CA üá∫üá∏",2022-06-23 14:17:19+00:00
"$SPY TW0E Numbers &amp; Game Plan: $376 needs to hold today to have a test of $380.55.

Above $376 -&gt; Bullish 
Below $3‚Ä¶ https://t.co/qc82WwWafT",ProTrader_Vini,United States of America,2022-06-23 13:31:36+00:00
"Trading Plan for 6/23:

SPY:
BULLISH: Above 377.54 - 378.90
BEARISH: Below 372.07 (PM low)
Support: 372.07, 367.68‚Ä¶ https://t.co/8xEmaLsMPq",DWadeC1,,2022-06-23 12:49:42+00:00
"SwX is red - bearish, but may be painting a large bullish divergence. Daily MoM is turning up from the -8 depressed‚Ä¶ https://t.co/d1HJpWUiKG",SeanMah62409870,"VISTA, CA üá∫üá∏",2022-06-23 12:23:21+00:00
"SwX is red - bearish, but may be painting a large bullish divergence. Daily MoM is turning up from the -8 depressed‚Ä¶ https://t.co/TzDtal1Dte",lunatictrader1,,2022-06-23 12:21:06+00:00
$SPY crude down is bearish for spy.  Not sure why people are reading that as bullish. Ô∏è,tu_invernadero,"Olathe, KS",2022-06-23 11:56:15+00:00
RT @PassportVoter: #Bitcoin I spy with my little eye TWO head and shoulders patterns. One bullish and one bearish. Which way will it go? üëÄüßê‚Ä¶,PassportVoter,Chicago Illinois,2022-06-23 11:40:21+00:00
"$ES If you are bearish , here is your ""Probable""  Fib's numbers. Bear in mind that this very well could be‚Ä¶ https://t.co/Ags3cF8coj",samitrading1,Great minds discuss Ideas !,2022-06-23 11:04:40+00:00
"$FUTU china pump (sigh)
Chart looking strong ig
Short term Bullish November Bearish
Mill orders Selling 8/19 55P Bu‚Ä¶ https://t.co/lkai8RIXJA",GGGinvestor,Traphouse,2022-06-23 03:35:48+00:00
RT @macromarcel: Everybody‚Äôs so bearish that I‚Äôm turning bullish $spy $qqqs,macromarcel,"Austin, TX",2022-06-23 00:02:58+00:00
"$SPY lol why everyone's bearish, let's have some bullish arguments! ‚Üò",TutardV,"Grand Rapids, MI üá∫üá∏",2022-06-22 23:19:02+00:00
"I'm very bullish going into quarter end due to: quarter end rebalancing into equities due to underperformance, $VIX‚Ä¶ https://t.co/E7uOr36Not",A_P_Capital,"Miami, FL",2022-06-22 21:46:10+00:00
"RT @SwingTradeBot: Tonight's scans: 48% bullish, 51% bearish. Top 2: Non-ADX 1,2,3,4 Bearish &amp; Lower Bollinger Band Walk $SPY $QQQ $STUDY h‚Ä¶",AlertTrade,,2022-06-22 21:39:05+00:00
"Tonight's scans: 48% bullish, 51% bearish. Top 2: Non-ADX 1,2,3,4 Bearish &amp; Lower Bollinger Band Walk $SPY $QQQ‚Ä¶ https://t.co/NBzvutx4ab",SwingTradeBot,,2022-06-22 21:37:21+00:00
Wednesday Stock Market Recap: Bullish Alerts:Bearish Alerts 2280:2416 $SPY $QQQ $STUDY https://t.co/jDfB3omYpK,SwingTradeBot,,2022-06-22 21:28:27+00:00
"RT @nopecharts: How'd NOPE do on $SPY today?

- 1 Bullish Signal alerted. 1 / 1 üéØ successful.
- 3 Bearish Signals alerted. 3 / 3 üéØ successf‚Ä¶",unusual_whales,,2022-06-22 21:25:35+00:00
"How'd NOPE do on $SPY today?

- 1 Bullish Signal alerted. 1 / 1 üéØ successful.
- 3 Bearish Signals alerted. 3 / 3 üéØ‚Ä¶ https://t.co/ZoZ6eU8Vbc",nopecharts,,2022-06-22 21:07:18+00:00
"$SPY everyone is so bearish, it kind of makes me bullish for tomorrow üíØ",ml697697,"EL PASO, TX üá∫üá∏",2022-06-22 20:28:33+00:00
"Chart is blowed without the bullish engulfing for $SPY, but unless it is forced into a shooting star / it‚Äôs not bea‚Ä¶ https://t.co/T2mZVlHY7q",EthanFinancial,"Memphis, TN",2022-06-22 19:40:08+00:00
$SPY bought risky $376 puts expiring today for $30 lets see how this close‚Ä¶ But still have $427 calls for August 19‚Ä¶ https://t.co/JUZ5KCu5yL,ClaytonDallin,"Shawnee, OK üá∫üá∏",2022-06-22 19:31:48+00:00
Bearish engulfing forming on the $vix today confirmed with bullish engulfing on $spy if we close at these levels,nicklampasona,"Fort Lauderdale, FL",2022-06-22 18:41:13+00:00
"$SPY $SPX $ES_F
üí°SPY weekly candle breakdown:

-Inside weekly candle pattern 
-Inside Candle (bullish so far)
-Gap‚Ä¶ https://t.co/tYhNtMm1Ox",KennyTrades52,"Florida, USA",2022-06-22 18:27:43+00:00
#Bitcoin I spy with my little eye TWO head and shoulders patterns. One bullish and one bearish. Which way will it g‚Ä¶ https://t.co/Z13SfdGV85,PassportVoter,Chicago Illinois,2022-06-22 18:24:06+00:00
"$SPY The 200 dma seems so impossible that when we finally hit and reject it, the bears will turn bullish and I will be bearish again. üíó",HandsComputer,,2022-06-22 16:29:46+00:00
Not being Bearish or Bullish but this rally is based on what???? Anyone name a Green Chute oil and energy is cheap‚Ä¶ https://t.co/bSavMleE0u,fluid_capital,"Austin, TX",2022-06-22 16:08:56+00:00
Being that we are near targeted zone something I do is start getting calls b4 selling my puts. Sometimes $SPY likes‚Ä¶ https://t.co/hp4To4bVMh,AbrahamI26,,2022-06-22 16:00:26+00:00
"$spx $spy $qqq No one seems to be talking about the potential bullish falling wedges. If confirmed, then there coul‚Ä¶ https://t.co/tnhzfclKAq",alphamusings,,2022-06-22 15:21:46+00:00
"RT @tradebettor: #SP500 back in the wedge, testing the support. Pretty simple: $SPY above $370 is bullish, below $369 is bearish https://t.‚Ä¶",moniology,Pluto,2022-06-22 14:30:13+00:00
$SPY bearish. Nothing to be bullish about in that statement. Gonna push a recession as well as negetive impact on company earnings ü•á,MaitraiM,World Wide Web,2022-06-22 14:24:08+00:00
"RT @CblastBT: $SPY Daily Flow Analysis üåä

20 Dark Pool Prints on $SPY at ~375 level for $101 Billion 

Bullish Flow $4.85 Million | Bearish‚Ä¶",_Cb1astBT,Virginia Beach,2022-06-22 13:41:43+00:00
"#SP500 back in the wedge, testing the support. Pretty simple: $SPY above $370 is bullish, below $369 is bearish https://t.co/cg9VGqp7QQ",tradebettor,"FL, USA",2022-06-22 13:27:38+00:00
"#ES_F #NQ_F

Support 3700-3710 then 3725 green light resistance

Below 3700 without reclaim sends us lower

Yday co‚Ä¶ https://t.co/7NmYjNACn7",OptionswithKev,,2022-06-22 13:16:02+00:00
"Yesterday's #Cboe Index Options activity.

Puts were 55.86% of the total.

Normal activity, not too bullish and not‚Ä¶ https://t.co/LEgjJ5Wnhz",PointBlank_Algo,Earth,2022-06-22 12:30:45+00:00
"$SPY Good gap down this morning, giving up roughly 8 points before this rebound from the $367.70 S/R to it‚Äôs curren‚Ä¶ https://t.co/IImMXckh77",CapitalGainz5,"Texas, USA",2022-06-22 11:39:15+00:00
Are you guys bullish or bearish for the day? $SPY $QQQ $TSLA $AMZN $BA,stocktalk02,,2022-06-22 11:25:13+00:00
"RT @ISABELNET_SA: üá∫üá∏ Sentiment

Investor sentiment is very bearish. Should US equity investors expect a reflexive rally?
üëâ https://t.co/jJ1‚Ä¶",Hantus_M,Africa ,2022-06-22 11:05:12+00:00
"RT @ISABELNET_SA: üá∫üá∏ Sentiment

Investor sentiment is very bearish. Should US equity investors expect a reflexive rally?
üëâ https://t.co/jJ1‚Ä¶",enter_order,Singapore,2022-06-22 08:11:59+00:00
"RT @ISABELNET_SA: üá∫üá∏ Sentiment

Investor sentiment is very bearish. Should US equity investors expect a reflexive rally?
üëâ https://t.co/jJ1‚Ä¶",AnantBadhiye,,2022-06-22 07:36:59+00:00
"RT @ISABELNET_SA: üá∫üá∏ Sentiment

Investor sentiment is very bearish. Should US equity investors expect a reflexive rally?
üëâ https://t.co/jJ1‚Ä¶",FuturosRbc,38411 Czech Republik,2022-06-22 07:34:52+00:00
"RT @ISABELNET_SA: üá∫üá∏ Sentiment

Investor sentiment is very bearish. Should US equity investors expect a reflexive rally?
üëâ https://t.co/jJ1‚Ä¶",ISABELNET_SA,Luxembourg,2022-06-22 07:34:21+00:00
RT @_0dte: $QQQ Consolidated into an hourly bull flag while $SPY bulls completed an island bottom reversal. Charts say bullish now all we n‚Ä¶,Bonyba2,,2022-06-22 05:16:46+00:00
"classic range 30 - 80, looking to reclaim 50 as support to 80 and 3800 for bullish count, if not then it's bearish‚Ä¶ https://t.co/sapD9F2qtX",ESNQSPX,"Los Angeles, CA",2022-06-22 05:14:23+00:00
$SPY everyone‚Äôs bearish it‚Äôs bullish ‚ùó,NickVega683,"Bombay, NY üá∫üá∏",2022-06-22 03:03:46+00:00
"""Market Thoughts"" @ close focusing on 2 propriety signals Bullish/Bearish Thrust Trend &amp; The 2-Day Rule reflecting‚Ä¶ https://t.co/MtTE6NEZ4O",TheMrDev,~ Southern California ~,2022-06-22 01:41:13+00:00
$QQQ Consolidated into an hourly bull flag while $SPY bulls completed an island bottom reversal. Charts say bullish‚Ä¶ https://t.co/zW6SfzI1y1,_0dte,"Austin, TX",2022-06-22 00:59:17+00:00
RT @StockEdMarket09: $SPY $IWM $VIX $AMC: #SPY pullback expected by 65% chance of occurring per Thomas Bulkowski; $350 still expected. #IWM‚Ä¶,StockEdMarket09,"Austin, TX",2022-06-22 00:41:28+00:00
$SPY $IWM $VIX $AMC: #SPY pullback expected by 65% chance of occurring per Thomas Bulkowski; $350 still expected.‚Ä¶ https://t.co/pAmuQryTgb,StockEdMarket09,"Austin, TX",2022-06-21 23:56:45+00:00
"RT @Stone_Invest1: $QQQ $SPY I want to say that when you see a bullish cross or bearish cross 

That doesn‚Äôt mean buy or sell. 

That‚Äôs a g‚Ä¶",MrMoneybags1738,wALL Street,2022-06-21 23:43:22+00:00
"$QQQ $SPY I want to say that when you see a bullish cross or bearish cross 

That doesn‚Äôt mean buy or sell. 

That‚Äô‚Ä¶ https://t.co/y0ri8d5zvw",Stone_Invest1,GA üëá,2022-06-21 23:41:12+00:00
$SPY let's be honest who really controls futures cuz it ain't us. its could be a guy rolling dice. evens bullish od‚Ä¶ https://t.co/upnoToBWsD,SunitaJanu85,Chicago üá∫üá∏,2022-06-21 23:36:10+00:00
"RT @CblastBT: $SPY Daily Flow Analysis üåä

20 Dark Pool Prints on $SPY at ~375 level for $101 Billion 

Bullish Flow $4.85 Million | Bearish‚Ä¶",ELKIE1910,"Cabanatuan, Central Luzon",2022-06-21 23:13:38+00:00
"$SPY Daily Flow Analysis üåä

20 Dark Pool Prints on $SPY at ~375 level for $101 Billion 

Bullish Flow $4.85 Million‚Ä¶ https://t.co/e9ASBg97xt",CblastBT,Virginia Beach,2022-06-21 23:12:57+00:00
$SPY Today was a relief bounce with a gapup and consolidate all day today on very low volume. High anticipation for‚Ä¶ https://t.co/6QVbK06uYA,StockOptionCole,Signup for our Private Discord,2022-06-21 23:02:57+00:00
"RT @SwingTradeBot: Tonight's scans: 47% bullish, 52% bearish. Top 2: Lower Bollinger Band Walk &amp; Slingshot Bearish $SPY $QQQ $STUDY https:/‚Ä¶",AlertTrade,,2022-06-21 22:37:07+00:00
"Tonight's scans: 47% bullish, 52% bearish. Top 2: Lower Bollinger Band Walk &amp; Slingshot Bearish $SPY $QQQ $STUDY https://t.co/iaZygyDgaD",SwingTradeBot,,2022-06-21 21:39:43+00:00
Tuesday Stock Market Recap: Bullish Alerts:Bearish Alerts 2301:2525 $SPY $QQQ $STUDY https://t.co/jDfB3omYpK,SwingTradeBot,,2022-06-21 21:29:17+00:00
"$SPY 
Call on the üõçÔ∏è Ask side = üêÇ Bullish
Call on the ü¶¥ Bid side = üêª Bearish
Put on the üõçÔ∏è Ask side = üêª Bearish
Put‚Ä¶ https://t.co/AxafMcdi7j",LyfeOfPELK,"Illinois, USA",2022-06-21 18:32:57+00:00
$SPY this feed is bullish after big up days and bearish after big down days. people are sheep.. buying high and selling low ‚≠ê,DanielandHfu,"Fairfax, VT üá∫üá∏",2022-06-21 18:16:18+00:00
$META just broke major sloping support from 2018 on daily. looking bearish at $159 if bounce back up then bullish i‚Ä¶ https://t.co/fPh3OxQ2T4,TopTradingEdge,East Coast,2022-06-21 17:15:03+00:00
its foolish to be bullish in the bearish market ‚ÄºÔ∏è #spy,dezai7,"New York, USA",2022-06-21 15:56:06+00:00
"$SPY   Keep an eye on what happens at 375.00.

BULLISH above
BEARISH below

And look at $SVXY too, while you're at‚Ä¶ https://t.co/Lr7lU4xUUA",RTTradingIdeas,,2022-06-21 15:30:03+00:00
$SPY #SPY Today's live intraday options activity. üí∂ Spike in the bearish flow gave clues to partial gap fill. We wi‚Ä¶ https://t.co/d2yJWpByZg,ShadowOptions,,2022-06-21 15:14:31+00:00
"RT @LyfeOfPELK: $SPY Low volume is not bearish 
rather its bullish 
generally market enters cycles of aggressive selling and passive buying‚Ä¶",TristonRamos_,,2022-06-21 13:52:10+00:00
"$SPY Low volume is not bearish 
rather its bullish 
generally market enters cycles of aggressive selling and passiv‚Ä¶ https://t.co/nduFkWxQl2",LyfeOfPELK,"Illinois, USA",2022-06-21 13:50:41+00:00
"$SPY 

TAKING PROFIT ON THESE CONTRACTS

1$ To 1.70

Sellin tsla into strength here 

Its just trading not bullish‚Ä¶ https://t.co/kQ6Hnpn54o",optionstalker,,2022-06-21 13:41:48+00:00
RT @girldadninja: There‚Äôs a time to be bullish and a time to be bearish. $TSLA $SPY $SPX,girldadninja,,2022-06-21 13:25:41+00:00
"RT @ProTrader_Vini: $SPY TW0E Numbers &amp; Game Plan: Gapping up above $371.

$369 is the level for the day to have a bounce...

Bullish above‚Ä¶",eugenegan,Singapore,2022-06-21 13:23:06+00:00
"$SPY TW0E Numbers &amp; Game Plan: Gapping up above $371.

$369 is the level for the day to have a bounce...

Bullish a‚Ä¶ https://t.co/B3VC1XQ4E7",ProTrader_Vini,United States of America,2022-06-21 13:22:53+00:00
"In the last weeks Elliottsion were arguing about their counts bullish- bearish ""Bearish counts "" played out. Since‚Ä¶ https://t.co/8CYzzWN9zP",samitrading1,Great minds discuss Ideas !,2022-06-21 13:20:37+00:00
"RT @ISABELNET_SA: üá∫üá∏ Sentiment

Investor sentiment is very bearish. Should US equity investors expect a reflexive rally?
üëâ https://t.co/jJ1‚Ä¶",tslaholder0315,"Âè∞ÂåóÂ∏Ç, Âè∞ÁÅ£",2022-06-21 12:43:33+00:00
"RT @ISABELNET_SA: üá∫üá∏ Sentiment

Investor sentiment is very bearish. Should US equity investors expect a reflexive rally?
üëâ https://t.co/jJ1‚Ä¶",FAM_bloggt,"Marburg, Deutschland",2022-06-21 12:01:33+00:00
"RT @PrimeTrading_: PT daily Update &amp; Focuslist is sent üñäÔ∏è

‚ñ™Ô∏è $IWM $SPY $QQQ still below all kma's üìâ
‚ñ™Ô∏è Bullish &amp; Bearish scenarios ready (‚Ä¶",PrimeTrading_,Canada,2022-06-21 11:41:57+00:00
"RT @ISABELNET_SA: üá∫üá∏ Sentiment

Investor sentiment is very bearish. Should US equity investors expect a reflexive rally?
üëâ https://t.co/jJ1‚Ä¶",NABE0172371642,,2022-06-21 11:29:28+00:00
"RT @ISABELNET_SA: üá∫üá∏ Sentiment

Investor sentiment is very bearish. Should US equity investors expect a reflexive rally?
üëâ https://t.co/jJ1‚Ä¶",ThomasBittnerT1,Freiburg im Breisgau,2022-06-21 11:12:59+00:00
"RT @ISABELNET_SA: üá∫üá∏ Sentiment

Investor sentiment is very bearish. Should US equity investors expect a reflexive rally?
üëâ https://t.co/jJ1‚Ä¶",philippe_waelti,Geneva,2022-06-21 11:05:20+00:00
"RT @ISABELNET_SA: üá∫üá∏ Sentiment

Investor sentiment is very bearish. Should US equity investors expect a reflexive rally?
üëâ https://t.co/jJ1‚Ä¶",raikk61,,2022-06-21 10:43:01+00:00
"RT @ISABELNET_SA: üá∫üá∏ Sentiment

Investor sentiment is very bearish. Should US equity investors expect a reflexive rally?
üëâ https://t.co/jJ1‚Ä¶",inyongkim10,,2022-06-21 10:40:00+00:00
"RT @ISABELNET_SA: üá∫üá∏ Sentiment

Investor sentiment is very bearish. Should US equity investors expect a reflexive rally?
üëâ https://t.co/jJ1‚Ä¶",Sufiy,Global.,2022-06-21 10:35:54+00:00
"RT @ISABELNET_SA: üá∫üá∏ Sentiment

Investor sentiment is very bearish. Should US equity investors expect a reflexive rally?
üëâ https://t.co/jJ1‚Ä¶",newsforextrader,"Germany, Hamburg",2022-06-21 10:29:27+00:00
"RT @ISABELNET_SA: üá∫üá∏ Sentiment

Investor sentiment is very bearish. Should US equity investors expect a reflexive rally?
üëâ https://t.co/jJ1‚Ä¶",TeslaAgnostic,Germany,2022-06-21 10:28:31+00:00
"RT @ISABELNET_SA: üá∫üá∏ Sentiment

Investor sentiment is very bearish. Should US equity investors expect a reflexive rally?
üëâ https://t.co/jJ1‚Ä¶",xanadutk,Êù±‰∫¨,2022-06-21 10:18:33+00:00
"üá∫üá∏ Sentiment

Investor sentiment is very bearish. Should US equity investors expect a reflexive rally?
#markets‚Ä¶ https://t.co/jDCs1CxHJ0",diegolozadaic,,2022-06-21 10:17:13+00:00
"RT @ISABELNET_SA: üá∫üá∏ Sentiment

Investor sentiment is very bearish. Should US equity investors expect a reflexive rally?
üëâ https://t.co/jJ1‚Ä¶",MCHVLL1,,2022-06-21 10:16:38+00:00
"üá∫üá∏ Sentiment

Investor sentiment is very bearish. Should US equity investors expect a reflexive rally?
üëâ‚Ä¶ https://t.co/ZUQNLa0Xzj",ISABELNET_SA,Luxembourg,2022-06-21 10:15:45+00:00
"RT @PrimeTrading_: PT daily Update &amp; Focuslist is sent üñäÔ∏è

‚ñ™Ô∏è $IWM $SPY $QQQ still below all kma's üìâ
‚ñ™Ô∏è Bullish &amp; Bearish scenarios ready (‚Ä¶",icedogMark,United States,2022-06-21 10:15:15+00:00
There‚Äôs a time to be bullish and a time to be bearish. $TSLA $SPY $SPX https://t.co/cP24fshQgc,girldadninja,,2022-06-21 08:03:53+00:00
"Change of the plan for tmr: 3733 as pivot.

Above bullish, below bearish.

3710 minor support.

$ES $SPY https://t.co/yZcgHVye1j",KirkyTrades,"Taipei City, Taiwan",2022-06-21 05:36:55+00:00
"$BTC &gt; 20k bullish week 
$BTC &lt; 20k bearish/choppy week 
Im bullish tho #StockMarket #trade $SPY $QQQ $SPX",NP_Trader01,Money Printer üñ®üí∞,2022-06-21 01:31:34+00:00
"RT @themarketbear: /NQ /ES $SPY $QQQ - It‚Äôs intriguing that many believe the FED does not directly control / manipulate the stock market, d‚Ä¶",kenr0966,"41.136801,-73.986265",2022-06-21 01:08:09+00:00
/NQ /ES $SPY $QQQ - It‚Äôs intriguing that many believe the FED does not directly control / manipulate the stock mark‚Ä¶ https://t.co/ykVItke2y8,themarketbear,United States,2022-06-21 00:50:55+00:00
"PT daily Update &amp; Focuslist is sent üñäÔ∏è

‚ñ™Ô∏è $IWM $SPY $QQQ still below all kma's üìâ
‚ñ™Ô∏è Bullish &amp; Bearish scenarios re‚Ä¶ https://t.co/u0zz5WpCtX",PrimeTrading_,Canada,2022-06-21 00:38:59+00:00
"@faststocknewss Is this usually bullish or bearish for the $SPY?

Genuinely asking.",inevergohome,On top of the world,2022-06-21 00:06:38+00:00
"RT @ThetaWarrior: DISCLAIMER: HIGH RISK #LottoFriday

Keep bets small. Play with what you can lose.

$AAPL 152.5C &gt;151.74 | 149P &lt;149.77
$C‚Ä¶",Thetalwarrior,USA (NYSE),2022-06-20 21:38:23+00:00
